POC,frameWidth,frameHeight,puX,puY,puWidth,puHeight,biPred,nCP,LT_X,LT_Y,RT_X,RT_Y,LB_X,LB_Y,subX,subY,mv_X,mv_Y
1,1920,1080,384,512,128,128,0,2,68,-4,68,-4,68,-4,0,0,68,-4
1,1920,1080,384,512,128,128,0,2,68,-4,68,-4,68,-4,4,0,68,-4
1,1920,1080,384,512,128,128,0,2,68,-4,68,-4,68,-4,8,0,68,-4
1,1920,1080,384,512,128,128,0,2,68,-4,68,-4,68,-4,12,0,68,-4
1,1920,1080,384,512,128,128,0,2,68,-4,68,-4,68,-4,16,0,68,-4
1,1920,1080,384,512,128,128,0,2,68,-4,68,-4,68,-4,20,0,68,-4
1,1920,1080,384,512,128,128,0,2,68,-4,68,-4,68,-4,24,0,68,-4
1,1920,1080,384,512,128,128,0,2,68,-4,68,-4,68,-4,28,0,68,-4
1,1920,1080,384,512,128,128,0,2,68,-4,68,-4,68,-4,32,0,68,-4
1,1920,1080,384,512,128,128,0,2,68,-4,68,-4,68,-4,36,0,68,-4
1,1920,1080,384,512,128,128,0,2,68,-4,68,-4,68,-4,40,0,68,-4
1,1920,1080,384,512,128,128,0,2,68,-4,68,-4,68,-4,44,0,68,-4
1,1920,1080,384,512,128,128,0,2,68,-4,68,-4,68,-4,48,0,68,-4
1,1920,1080,384,512,128,128,0,2,68,-4,68,-4,68,-4,52,0,68,-4
1,1920,1080,384,512,128,128,0,2,68,-4,68,-4,68,-4,56,0,68,-4
1,1920,1080,384,512,128,128,0,2,68,-4,68,-4,68,-4,60,0,68,-4
1,1920,1080,384,512,128,128,0,2,68,-4,68,-4,68,-4,64,0,68,-4
1,1920,1080,384,512,128,128,0,2,68,-4,68,-4,68,-4,68,0,68,-4
1,1920,1080,384,512,128,128,0,2,68,-4,68,-4,68,-4,72,0,68,-4
1,1920,1080,384,512,128,128,0,2,68,-4,68,-4,68,-4,76,0,68,-4
1,1920,1080,384,512,128,128,0,2,68,-4,68,-4,68,-4,80,0,68,-4
1,1920,1080,384,512,128,128,0,2,68,-4,68,-4,68,-4,84,0,68,-4
1,1920,1080,384,512,128,128,0,2,68,-4,68,-4,68,-4,88,0,68,-4
1,1920,1080,384,512,128,128,0,2,68,-4,68,-4,68,-4,92,0,68,-4
1,1920,1080,384,512,128,128,0,2,68,-4,68,-4,68,-4,96,0,68,-4
1,1920,1080,384,512,128,128,0,2,68,-4,68,-4,68,-4,100,0,68,-4
1,1920,1080,384,512,128,128,0,2,68,-4,68,-4,68,-4,104,0,68,-4
1,1920,1080,384,512,128,128,0,2,68,-4,68,-4,68,-4,108,0,68,-4
1,1920,1080,384,512,128,128,0,2,68,-4,68,-4,68,-4,112,0,68,-4
1,1920,1080,384,512,128,128,0,2,68,-4,68,-4,68,-4,116,0,68,-4
1,1920,1080,384,512,128,128,0,2,68,-4,68,-4,68,-4,120,0,68,-4
1,1920,1080,384,512,128,128,0,2,68,-4,68,-4,68,-4,124,0,68,-4
1,1920,1080,384,512,128,128,0,2,68,-4,68,-4,68,-4,0,4,68,-4
1,1920,1080,384,512,128,128,0,2,68,-4,68,-4,68,-4,4,4,68,-4
1,1920,1080,384,512,128,128,0,2,68,-4,68,-4,68,-4,8,4,68,-4
1,1920,1080,384,512,128,128,0,2,68,-4,68,-4,68,-4,12,4,68,-4
1,1920,1080,384,512,128,128,0,2,68,-4,68,-4,68,-4,16,4,68,-4
1,1920,1080,384,512,128,128,0,2,68,-4,68,-4,68,-4,20,4,68,-4
1,1920,1080,384,512,128,128,0,2,68,-4,68,-4,68,-4,24,4,68,-4
1,1920,1080,384,512,128,128,0,2,68,-4,68,-4,68,-4,28,4,68,-4
1,1920,1080,384,512,128,128,0,2,68,-4,68,-4,68,-4,32,4,68,-4
1,1920,1080,384,512,128,128,0,2,68,-4,68,-4,68,-4,36,4,68,-4
1,1920,1080,384,512,128,128,0,2,68,-4,68,-4,68,-4,40,4,68,-4
1,1920,1080,384,512,128,128,0,2,68,-4,68,-4,68,-4,44,4,68,-4
1,1920,1080,384,512,128,128,0,2,68,-4,68,-4,68,-4,48,4,68,-4
1,1920,1080,384,512,128,128,0,2,68,-4,68,-4,68,-4,52,4,68,-4
1,1920,1080,384,512,128,128,0,2,68,-4,68,-4,68,-4,56,4,68,-4
1,1920,1080,384,512,128,128,0,2,68,-4,68,-4,68,-4,60,4,68,-4
1,1920,1080,384,512,128,128,0,2,68,-4,68,-4,68,-4,64,4,68,-4
1,1920,1080,384,512,128,128,0,2,68,-4,68,-4,68,-4,68,4,68,-4
1,1920,1080,384,512,128,128,0,2,68,-4,68,-4,68,-4,72,4,68,-4
1,1920,1080,384,512,128,128,0,2,68,-4,68,-4,68,-4,76,4,68,-4
1,1920,1080,384,512,128,128,0,2,68,-4,68,-4,68,-4,80,4,68,-4
1,1920,1080,384,512,128,128,0,2,68,-4,68,-4,68,-4,84,4,68,-4
1,1920,1080,384,512,128,128,0,2,68,-4,68,-4,68,-4,88,4,68,-4
1,1920,1080,384,512,128,128,0,2,68,-4,68,-4,68,-4,92,4,68,-4
1,1920,1080,384,512,128,128,0,2,68,-4,68,-4,68,-4,96,4,68,-4
1,1920,1080,384,512,128,128,0,2,68,-4,68,-4,68,-4,100,4,68,-4
1,1920,1080,384,512,128,128,0,2,68,-4,68,-4,68,-4,104,4,68,-4
1,1920,1080,384,512,128,128,0,2,68,-4,68,-4,68,-4,108,4,68,-4
1,1920,1080,384,512,128,128,0,2,68,-4,68,-4,68,-4,112,4,68,-4
1,1920,1080,384,512,128,128,0,2,68,-4,68,-4,68,-4,116,4,68,-4
1,1920,1080,384,512,128,128,0,2,68,-4,68,-4,68,-4,120,4,68,-4
1,1920,1080,384,512,128,128,0,2,68,-4,68,-4,68,-4,124,4,68,-4
1,1920,1080,384,512,128,128,0,2,68,-4,68,-4,68,-4,0,8,68,-4
1,1920,1080,384,512,128,128,0,2,68,-4,68,-4,68,-4,4,8,68,-4
1,1920,1080,384,512,128,128,0,2,68,-4,68,-4,68,-4,8,8,68,-4
1,1920,1080,384,512,128,128,0,2,68,-4,68,-4,68,-4,12,8,68,-4
1,1920,1080,384,512,128,128,0,2,68,-4,68,-4,68,-4,16,8,68,-4
1,1920,1080,384,512,128,128,0,2,68,-4,68,-4,68,-4,20,8,68,-4
1,1920,1080,384,512,128,128,0,2,68,-4,68,-4,68,-4,24,8,68,-4
1,1920,1080,384,512,128,128,0,2,68,-4,68,-4,68,-4,28,8,68,-4
1,1920,1080,384,512,128,128,0,2,68,-4,68,-4,68,-4,32,8,68,-4
1,1920,1080,384,512,128,128,0,2,68,-4,68,-4,68,-4,36,8,68,-4
1,1920,1080,384,512,128,128,0,2,68,-4,68,-4,68,-4,40,8,68,-4
1,1920,1080,384,512,128,128,0,2,68,-4,68,-4,68,-4,44,8,68,-4
1,1920,1080,384,512,128,128,0,2,68,-4,68,-4,68,-4,48,8,68,-4
1,1920,1080,384,512,128,128,0,2,68,-4,68,-4,68,-4,52,8,68,-4
1,1920,1080,384,512,128,128,0,2,68,-4,68,-4,68,-4,56,8,68,-4
1,1920,1080,384,512,128,128,0,2,68,-4,68,-4,68,-4,60,8,68,-4
1,1920,1080,384,512,128,128,0,2,68,-4,68,-4,68,-4,64,8,68,-4
1,1920,1080,384,512,128,128,0,2,68,-4,68,-4,68,-4,68,8,68,-4
1,1920,1080,384,512,128,128,0,2,68,-4,68,-4,68,-4,72,8,68,-4
1,1920,1080,384,512,128,128,0,2,68,-4,68,-4,68,-4,76,8,68,-4
1,1920,1080,384,512,128,128,0,2,68,-4,68,-4,68,-4,80,8,68,-4
1,1920,1080,384,512,128,128,0,2,68,-4,68,-4,68,-4,84,8,68,-4
1,1920,1080,384,512,128,128,0,2,68,-4,68,-4,68,-4,88,8,68,-4
1,1920,1080,384,512,128,128,0,2,68,-4,68,-4,68,-4,92,8,68,-4
1,1920,1080,384,512,128,128,0,2,68,-4,68,-4,68,-4,96,8,68,-4
1,1920,1080,384,512,128,128,0,2,68,-4,68,-4,68,-4,100,8,68,-4
1,1920,1080,384,512,128,128,0,2,68,-4,68,-4,68,-4,104,8,68,-4
1,1920,1080,384,512,128,128,0,2,68,-4,68,-4,68,-4,108,8,68,-4
1,1920,1080,384,512,128,128,0,2,68,-4,68,-4,68,-4,112,8,68,-4
1,1920,1080,384,512,128,128,0,2,68,-4,68,-4,68,-4,116,8,68,-4
1,1920,1080,384,512,128,128,0,2,68,-4,68,-4,68,-4,120,8,68,-4
1,1920,1080,384,512,128,128,0,2,68,-4,68,-4,68,-4,124,8,68,-4
1,1920,1080,384,512,128,128,0,2,68,-4,68,-4,68,-4,0,12,68,-4
1,1920,1080,384,512,128,128,0,2,68,-4,68,-4,68,-4,4,12,68,-4
1,1920,1080,384,512,128,128,0,2,68,-4,68,-4,68,-4,8,12,68,-4
1,1920,1080,384,512,128,128,0,2,68,-4,68,-4,68,-4,12,12,68,-4
1,1920,1080,384,512,128,128,0,2,68,-4,68,-4,68,-4,16,12,68,-4
1,1920,1080,384,512,128,128,0,2,68,-4,68,-4,68,-4,20,12,68,-4
1,1920,1080,384,512,128,128,0,2,68,-4,68,-4,68,-4,24,12,68,-4
1,1920,1080,384,512,128,128,0,2,68,-4,68,-4,68,-4,28,12,68,-4
1,1920,1080,384,512,128,128,0,2,68,-4,68,-4,68,-4,32,12,68,-4
1,1920,1080,384,512,128,128,0,2,68,-4,68,-4,68,-4,36,12,68,-4
1,1920,1080,384,512,128,128,0,2,68,-4,68,-4,68,-4,40,12,68,-4
1,1920,1080,384,512,128,128,0,2,68,-4,68,-4,68,-4,44,12,68,-4
1,1920,1080,384,512,128,128,0,2,68,-4,68,-4,68,-4,48,12,68,-4
1,1920,1080,384,512,128,128,0,2,68,-4,68,-4,68,-4,52,12,68,-4
1,1920,1080,384,512,128,128,0,2,68,-4,68,-4,68,-4,56,12,68,-4
1,1920,1080,384,512,128,128,0,2,68,-4,68,-4,68,-4,60,12,68,-4
1,1920,1080,384,512,128,128,0,2,68,-4,68,-4,68,-4,64,12,68,-4
1,1920,1080,384,512,128,128,0,2,68,-4,68,-4,68,-4,68,12,68,-4
1,1920,1080,384,512,128,128,0,2,68,-4,68,-4,68,-4,72,12,68,-4
1,1920,1080,384,512,128,128,0,2,68,-4,68,-4,68,-4,76,12,68,-4
1,1920,1080,384,512,128,128,0,2,68,-4,68,-4,68,-4,80,12,68,-4
1,1920,1080,384,512,128,128,0,2,68,-4,68,-4,68,-4,84,12,68,-4
1,1920,1080,384,512,128,128,0,2,68,-4,68,-4,68,-4,88,12,68,-4
1,1920,1080,384,512,128,128,0,2,68,-4,68,-4,68,-4,92,12,68,-4
1,1920,1080,384,512,128,128,0,2,68,-4,68,-4,68,-4,96,12,68,-4
1,1920,1080,384,512,128,128,0,2,68,-4,68,-4,68,-4,100,12,68,-4
1,1920,1080,384,512,128,128,0,2,68,-4,68,-4,68,-4,104,12,68,-4
1,1920,1080,384,512,128,128,0,2,68,-4,68,-4,68,-4,108,12,68,-4
1,1920,1080,384,512,128,128,0,2,68,-4,68,-4,68,-4,112,12,68,-4
1,1920,1080,384,512,128,128,0,2,68,-4,68,-4,68,-4,116,12,68,-4
1,1920,1080,384,512,128,128,0,2,68,-4,68,-4,68,-4,120,12,68,-4
1,1920,1080,384,512,128,128,0,2,68,-4,68,-4,68,-4,124,12,68,-4
1,1920,1080,384,512,128,128,0,2,68,-4,68,-4,68,-4,0,16,68,-4
1,1920,1080,384,512,128,128,0,2,68,-4,68,-4,68,-4,4,16,68,-4
1,1920,1080,384,512,128,128,0,2,68,-4,68,-4,68,-4,8,16,68,-4
1,1920,1080,384,512,128,128,0,2,68,-4,68,-4,68,-4,12,16,68,-4
1,1920,1080,384,512,128,128,0,2,68,-4,68,-4,68,-4,16,16,68,-4
1,1920,1080,384,512,128,128,0,2,68,-4,68,-4,68,-4,20,16,68,-4
1,1920,1080,384,512,128,128,0,2,68,-4,68,-4,68,-4,24,16,68,-4
1,1920,1080,384,512,128,128,0,2,68,-4,68,-4,68,-4,28,16,68,-4
1,1920,1080,384,512,128,128,0,2,68,-4,68,-4,68,-4,32,16,68,-4
1,1920,1080,384,512,128,128,0,2,68,-4,68,-4,68,-4,36,16,68,-4
1,1920,1080,384,512,128,128,0,2,68,-4,68,-4,68,-4,40,16,68,-4
1,1920,1080,384,512,128,128,0,2,68,-4,68,-4,68,-4,44,16,68,-4
1,1920,1080,384,512,128,128,0,2,68,-4,68,-4,68,-4,48,16,68,-4
1,1920,1080,384,512,128,128,0,2,68,-4,68,-4,68,-4,52,16,68,-4
1,1920,1080,384,512,128,128,0,2,68,-4,68,-4,68,-4,56,16,68,-4
1,1920,1080,384,512,128,128,0,2,68,-4,68,-4,68,-4,60,16,68,-4
1,1920,1080,384,512,128,128,0,2,68,-4,68,-4,68,-4,64,16,68,-4
1,1920,1080,384,512,128,128,0,2,68,-4,68,-4,68,-4,68,16,68,-4
1,1920,1080,384,512,128,128,0,2,68,-4,68,-4,68,-4,72,16,68,-4
1,1920,1080,384,512,128,128,0,2,68,-4,68,-4,68,-4,76,16,68,-4
1,1920,1080,384,512,128,128,0,2,68,-4,68,-4,68,-4,80,16,68,-4
1,1920,1080,384,512,128,128,0,2,68,-4,68,-4,68,-4,84,16,68,-4
1,1920,1080,384,512,128,128,0,2,68,-4,68,-4,68,-4,88,16,68,-4
1,1920,1080,384,512,128,128,0,2,68,-4,68,-4,68,-4,92,16,68,-4
1,1920,1080,384,512,128,128,0,2,68,-4,68,-4,68,-4,96,16,68,-4
1,1920,1080,384,512,128,128,0,2,68,-4,68,-4,68,-4,100,16,68,-4
1,1920,1080,384,512,128,128,0,2,68,-4,68,-4,68,-4,104,16,68,-4
1,1920,1080,384,512,128,128,0,2,68,-4,68,-4,68,-4,108,16,68,-4
1,1920,1080,384,512,128,128,0,2,68,-4,68,-4,68,-4,112,16,68,-4
1,1920,1080,384,512,128,128,0,2,68,-4,68,-4,68,-4,116,16,68,-4
1,1920,1080,384,512,128,128,0,2,68,-4,68,-4,68,-4,120,16,68,-4
1,1920,1080,384,512,128,128,0,2,68,-4,68,-4,68,-4,124,16,68,-4
1,1920,1080,384,512,128,128,0,2,68,-4,68,-4,68,-4,0,20,68,-4
1,1920,1080,384,512,128,128,0,2,68,-4,68,-4,68,-4,4,20,68,-4
1,1920,1080,384,512,128,128,0,2,68,-4,68,-4,68,-4,8,20,68,-4
1,1920,1080,384,512,128,128,0,2,68,-4,68,-4,68,-4,12,20,68,-4
1,1920,1080,384,512,128,128,0,2,68,-4,68,-4,68,-4,16,20,68,-4
1,1920,1080,384,512,128,128,0,2,68,-4,68,-4,68,-4,20,20,68,-4
1,1920,1080,384,512,128,128,0,2,68,-4,68,-4,68,-4,24,20,68,-4
1,1920,1080,384,512,128,128,0,2,68,-4,68,-4,68,-4,28,20,68,-4
1,1920,1080,384,512,128,128,0,2,68,-4,68,-4,68,-4,32,20,68,-4
1,1920,1080,384,512,128,128,0,2,68,-4,68,-4,68,-4,36,20,68,-4
1,1920,1080,384,512,128,128,0,2,68,-4,68,-4,68,-4,40,20,68,-4
1,1920,1080,384,512,128,128,0,2,68,-4,68,-4,68,-4,44,20,68,-4
1,1920,1080,384,512,128,128,0,2,68,-4,68,-4,68,-4,48,20,68,-4
1,1920,1080,384,512,128,128,0,2,68,-4,68,-4,68,-4,52,20,68,-4
1,1920,1080,384,512,128,128,0,2,68,-4,68,-4,68,-4,56,20,68,-4
1,1920,1080,384,512,128,128,0,2,68,-4,68,-4,68,-4,60,20,68,-4
1,1920,1080,384,512,128,128,0,2,68,-4,68,-4,68,-4,64,20,68,-4
1,1920,1080,384,512,128,128,0,2,68,-4,68,-4,68,-4,68,20,68,-4
1,1920,1080,384,512,128,128,0,2,68,-4,68,-4,68,-4,72,20,68,-4
1,1920,1080,384,512,128,128,0,2,68,-4,68,-4,68,-4,76,20,68,-4
1,1920,1080,384,512,128,128,0,2,68,-4,68,-4,68,-4,80,20,68,-4
1,1920,1080,384,512,128,128,0,2,68,-4,68,-4,68,-4,84,20,68,-4
1,1920,1080,384,512,128,128,0,2,68,-4,68,-4,68,-4,88,20,68,-4
1,1920,1080,384,512,128,128,0,2,68,-4,68,-4,68,-4,92,20,68,-4
1,1920,1080,384,512,128,128,0,2,68,-4,68,-4,68,-4,96,20,68,-4
1,1920,1080,384,512,128,128,0,2,68,-4,68,-4,68,-4,100,20,68,-4
1,1920,1080,384,512,128,128,0,2,68,-4,68,-4,68,-4,104,20,68,-4
1,1920,1080,384,512,128,128,0,2,68,-4,68,-4,68,-4,108,20,68,-4
1,1920,1080,384,512,128,128,0,2,68,-4,68,-4,68,-4,112,20,68,-4
1,1920,1080,384,512,128,128,0,2,68,-4,68,-4,68,-4,116,20,68,-4
1,1920,1080,384,512,128,128,0,2,68,-4,68,-4,68,-4,120,20,68,-4
1,1920,1080,384,512,128,128,0,2,68,-4,68,-4,68,-4,124,20,68,-4
1,1920,1080,384,512,128,128,0,2,68,-4,68,-4,68,-4,0,24,68,-4
1,1920,1080,384,512,128,128,0,2,68,-4,68,-4,68,-4,4,24,68,-4
1,1920,1080,384,512,128,128,0,2,68,-4,68,-4,68,-4,8,24,68,-4
1,1920,1080,384,512,128,128,0,2,68,-4,68,-4,68,-4,12,24,68,-4
1,1920,1080,384,512,128,128,0,2,68,-4,68,-4,68,-4,16,24,68,-4
1,1920,1080,384,512,128,128,0,2,68,-4,68,-4,68,-4,20,24,68,-4
1,1920,1080,384,512,128,128,0,2,68,-4,68,-4,68,-4,24,24,68,-4
1,1920,1080,384,512,128,128,0,2,68,-4,68,-4,68,-4,28,24,68,-4
1,1920,1080,384,512,128,128,0,2,68,-4,68,-4,68,-4,32,24,68,-4
1,1920,1080,384,512,128,128,0,2,68,-4,68,-4,68,-4,36,24,68,-4
1,1920,1080,384,512,128,128,0,2,68,-4,68,-4,68,-4,40,24,68,-4
1,1920,1080,384,512,128,128,0,2,68,-4,68,-4,68,-4,44,24,68,-4
1,1920,1080,384,512,128,128,0,2,68,-4,68,-4,68,-4,48,24,68,-4
1,1920,1080,384,512,128,128,0,2,68,-4,68,-4,68,-4,52,24,68,-4
1,1920,1080,384,512,128,128,0,2,68,-4,68,-4,68,-4,56,24,68,-4
1,1920,1080,384,512,128,128,0,2,68,-4,68,-4,68,-4,60,24,68,-4
1,1920,1080,384,512,128,128,0,2,68,-4,68,-4,68,-4,64,24,68,-4
1,1920,1080,384,512,128,128,0,2,68,-4,68,-4,68,-4,68,24,68,-4
1,1920,1080,384,512,128,128,0,2,68,-4,68,-4,68,-4,72,24,68,-4
1,1920,1080,384,512,128,128,0,2,68,-4,68,-4,68,-4,76,24,68,-4
1,1920,1080,384,512,128,128,0,2,68,-4,68,-4,68,-4,80,24,68,-4
1,1920,1080,384,512,128,128,0,2,68,-4,68,-4,68,-4,84,24,68,-4
1,1920,1080,384,512,128,128,0,2,68,-4,68,-4,68,-4,88,24,68,-4
1,1920,1080,384,512,128,128,0,2,68,-4,68,-4,68,-4,92,24,68,-4
1,1920,1080,384,512,128,128,0,2,68,-4,68,-4,68,-4,96,24,68,-4
1,1920,1080,384,512,128,128,0,2,68,-4,68,-4,68,-4,100,24,68,-4
1,1920,1080,384,512,128,128,0,2,68,-4,68,-4,68,-4,104,24,68,-4
1,1920,1080,384,512,128,128,0,2,68,-4,68,-4,68,-4,108,24,68,-4
1,1920,1080,384,512,128,128,0,2,68,-4,68,-4,68,-4,112,24,68,-4
1,1920,1080,384,512,128,128,0,2,68,-4,68,-4,68,-4,116,24,68,-4
1,1920,1080,384,512,128,128,0,2,68,-4,68,-4,68,-4,120,24,68,-4
1,1920,1080,384,512,128,128,0,2,68,-4,68,-4,68,-4,124,24,68,-4
1,1920,1080,384,512,128,128,0,2,68,-4,68,-4,68,-4,0,28,68,-4
1,1920,1080,384,512,128,128,0,2,68,-4,68,-4,68,-4,4,28,68,-4
1,1920,1080,384,512,128,128,0,2,68,-4,68,-4,68,-4,8,28,68,-4
1,1920,1080,384,512,128,128,0,2,68,-4,68,-4,68,-4,12,28,68,-4
1,1920,1080,384,512,128,128,0,2,68,-4,68,-4,68,-4,16,28,68,-4
1,1920,1080,384,512,128,128,0,2,68,-4,68,-4,68,-4,20,28,68,-4
1,1920,1080,384,512,128,128,0,2,68,-4,68,-4,68,-4,24,28,68,-4
1,1920,1080,384,512,128,128,0,2,68,-4,68,-4,68,-4,28,28,68,-4
1,1920,1080,384,512,128,128,0,2,68,-4,68,-4,68,-4,32,28,68,-4
1,1920,1080,384,512,128,128,0,2,68,-4,68,-4,68,-4,36,28,68,-4
1,1920,1080,384,512,128,128,0,2,68,-4,68,-4,68,-4,40,28,68,-4
1,1920,1080,384,512,128,128,0,2,68,-4,68,-4,68,-4,44,28,68,-4
1,1920,1080,384,512,128,128,0,2,68,-4,68,-4,68,-4,48,28,68,-4
1,1920,1080,384,512,128,128,0,2,68,-4,68,-4,68,-4,52,28,68,-4
1,1920,1080,384,512,128,128,0,2,68,-4,68,-4,68,-4,56,28,68,-4
1,1920,1080,384,512,128,128,0,2,68,-4,68,-4,68,-4,60,28,68,-4
1,1920,1080,384,512,128,128,0,2,68,-4,68,-4,68,-4,64,28,68,-4
1,1920,1080,384,512,128,128,0,2,68,-4,68,-4,68,-4,68,28,68,-4
1,1920,1080,384,512,128,128,0,2,68,-4,68,-4,68,-4,72,28,68,-4
1,1920,1080,384,512,128,128,0,2,68,-4,68,-4,68,-4,76,28,68,-4
1,1920,1080,384,512,128,128,0,2,68,-4,68,-4,68,-4,80,28,68,-4
1,1920,1080,384,512,128,128,0,2,68,-4,68,-4,68,-4,84,28,68,-4
1,1920,1080,384,512,128,128,0,2,68,-4,68,-4,68,-4,88,28,68,-4
1,1920,1080,384,512,128,128,0,2,68,-4,68,-4,68,-4,92,28,68,-4
1,1920,1080,384,512,128,128,0,2,68,-4,68,-4,68,-4,96,28,68,-4
1,1920,1080,384,512,128,128,0,2,68,-4,68,-4,68,-4,100,28,68,-4
1,1920,1080,384,512,128,128,0,2,68,-4,68,-4,68,-4,104,28,68,-4
1,1920,1080,384,512,128,128,0,2,68,-4,68,-4,68,-4,108,28,68,-4
1,1920,1080,384,512,128,128,0,2,68,-4,68,-4,68,-4,112,28,68,-4
1,1920,1080,384,512,128,128,0,2,68,-4,68,-4,68,-4,116,28,68,-4
1,1920,1080,384,512,128,128,0,2,68,-4,68,-4,68,-4,120,28,68,-4
1,1920,1080,384,512,128,128,0,2,68,-4,68,-4,68,-4,124,28,68,-4
1,1920,1080,384,512,128,128,0,2,68,-4,68,-4,68,-4,0,32,68,-4
1,1920,1080,384,512,128,128,0,2,68,-4,68,-4,68,-4,4,32,68,-4
1,1920,1080,384,512,128,128,0,2,68,-4,68,-4,68,-4,8,32,68,-4
1,1920,1080,384,512,128,128,0,2,68,-4,68,-4,68,-4,12,32,68,-4
1,1920,1080,384,512,128,128,0,2,68,-4,68,-4,68,-4,16,32,68,-4
1,1920,1080,384,512,128,128,0,2,68,-4,68,-4,68,-4,20,32,68,-4
1,1920,1080,384,512,128,128,0,2,68,-4,68,-4,68,-4,24,32,68,-4
1,1920,1080,384,512,128,128,0,2,68,-4,68,-4,68,-4,28,32,68,-4
1,1920,1080,384,512,128,128,0,2,68,-4,68,-4,68,-4,32,32,68,-4
1,1920,1080,384,512,128,128,0,2,68,-4,68,-4,68,-4,36,32,68,-4
1,1920,1080,384,512,128,128,0,2,68,-4,68,-4,68,-4,40,32,68,-4
1,1920,1080,384,512,128,128,0,2,68,-4,68,-4,68,-4,44,32,68,-4
1,1920,1080,384,512,128,128,0,2,68,-4,68,-4,68,-4,48,32,68,-4
1,1920,1080,384,512,128,128,0,2,68,-4,68,-4,68,-4,52,32,68,-4
1,1920,1080,384,512,128,128,0,2,68,-4,68,-4,68,-4,56,32,68,-4
1,1920,1080,384,512,128,128,0,2,68,-4,68,-4,68,-4,60,32,68,-4
1,1920,1080,384,512,128,128,0,2,68,-4,68,-4,68,-4,64,32,68,-4
1,1920,1080,384,512,128,128,0,2,68,-4,68,-4,68,-4,68,32,68,-4
1,1920,1080,384,512,128,128,0,2,68,-4,68,-4,68,-4,72,32,68,-4
1,1920,1080,384,512,128,128,0,2,68,-4,68,-4,68,-4,76,32,68,-4
1,1920,1080,384,512,128,128,0,2,68,-4,68,-4,68,-4,80,32,68,-4
1,1920,1080,384,512,128,128,0,2,68,-4,68,-4,68,-4,84,32,68,-4
1,1920,1080,384,512,128,128,0,2,68,-4,68,-4,68,-4,88,32,68,-4
1,1920,1080,384,512,128,128,0,2,68,-4,68,-4,68,-4,92,32,68,-4
1,1920,1080,384,512,128,128,0,2,68,-4,68,-4,68,-4,96,32,68,-4
1,1920,1080,384,512,128,128,0,2,68,-4,68,-4,68,-4,100,32,68,-4
1,1920,1080,384,512,128,128,0,2,68,-4,68,-4,68,-4,104,32,68,-4
1,1920,1080,384,512,128,128,0,2,68,-4,68,-4,68,-4,108,32,68,-4
1,1920,1080,384,512,128,128,0,2,68,-4,68,-4,68,-4,112,32,68,-4
1,1920,1080,384,512,128,128,0,2,68,-4,68,-4,68,-4,116,32,68,-4
1,1920,1080,384,512,128,128,0,2,68,-4,68,-4,68,-4,120,32,68,-4
1,1920,1080,384,512,128,128,0,2,68,-4,68,-4,68,-4,124,32,68,-4
1,1920,1080,384,512,128,128,0,2,68,-4,68,-4,68,-4,0,36,68,-4
1,1920,1080,384,512,128,128,0,2,68,-4,68,-4,68,-4,4,36,68,-4
1,1920,1080,384,512,128,128,0,2,68,-4,68,-4,68,-4,8,36,68,-4
1,1920,1080,384,512,128,128,0,2,68,-4,68,-4,68,-4,12,36,68,-4
1,1920,1080,384,512,128,128,0,2,68,-4,68,-4,68,-4,16,36,68,-4
1,1920,1080,384,512,128,128,0,2,68,-4,68,-4,68,-4,20,36,68,-4
1,1920,1080,384,512,128,128,0,2,68,-4,68,-4,68,-4,24,36,68,-4
1,1920,1080,384,512,128,128,0,2,68,-4,68,-4,68,-4,28,36,68,-4
1,1920,1080,384,512,128,128,0,2,68,-4,68,-4,68,-4,32,36,68,-4
1,1920,1080,384,512,128,128,0,2,68,-4,68,-4,68,-4,36,36,68,-4
1,1920,1080,384,512,128,128,0,2,68,-4,68,-4,68,-4,40,36,68,-4
1,1920,1080,384,512,128,128,0,2,68,-4,68,-4,68,-4,44,36,68,-4
1,1920,1080,384,512,128,128,0,2,68,-4,68,-4,68,-4,48,36,68,-4
1,1920,1080,384,512,128,128,0,2,68,-4,68,-4,68,-4,52,36,68,-4
1,1920,1080,384,512,128,128,0,2,68,-4,68,-4,68,-4,56,36,68,-4
1,1920,1080,384,512,128,128,0,2,68,-4,68,-4,68,-4,60,36,68,-4
1,1920,1080,384,512,128,128,0,2,68,-4,68,-4,68,-4,64,36,68,-4
1,1920,1080,384,512,128,128,0,2,68,-4,68,-4,68,-4,68,36,68,-4
1,1920,1080,384,512,128,128,0,2,68,-4,68,-4,68,-4,72,36,68,-4
1,1920,1080,384,512,128,128,0,2,68,-4,68,-4,68,-4,76,36,68,-4
1,1920,1080,384,512,128,128,0,2,68,-4,68,-4,68,-4,80,36,68,-4
1,1920,1080,384,512,128,128,0,2,68,-4,68,-4,68,-4,84,36,68,-4
1,1920,1080,384,512,128,128,0,2,68,-4,68,-4,68,-4,88,36,68,-4
1,1920,1080,384,512,128,128,0,2,68,-4,68,-4,68,-4,92,36,68,-4
1,1920,1080,384,512,128,128,0,2,68,-4,68,-4,68,-4,96,36,68,-4
1,1920,1080,384,512,128,128,0,2,68,-4,68,-4,68,-4,100,36,68,-4
1,1920,1080,384,512,128,128,0,2,68,-4,68,-4,68,-4,104,36,68,-4
1,1920,1080,384,512,128,128,0,2,68,-4,68,-4,68,-4,108,36,68,-4
1,1920,1080,384,512,128,128,0,2,68,-4,68,-4,68,-4,112,36,68,-4
1,1920,1080,384,512,128,128,0,2,68,-4,68,-4,68,-4,116,36,68,-4
1,1920,1080,384,512,128,128,0,2,68,-4,68,-4,68,-4,120,36,68,-4
1,1920,1080,384,512,128,128,0,2,68,-4,68,-4,68,-4,124,36,68,-4
1,1920,1080,384,512,128,128,0,2,68,-4,68,-4,68,-4,0,40,68,-4
1,1920,1080,384,512,128,128,0,2,68,-4,68,-4,68,-4,4,40,68,-4
1,1920,1080,384,512,128,128,0,2,68,-4,68,-4,68,-4,8,40,68,-4
1,1920,1080,384,512,128,128,0,2,68,-4,68,-4,68,-4,12,40,68,-4
1,1920,1080,384,512,128,128,0,2,68,-4,68,-4,68,-4,16,40,68,-4
1,1920,1080,384,512,128,128,0,2,68,-4,68,-4,68,-4,20,40,68,-4
1,1920,1080,384,512,128,128,0,2,68,-4,68,-4,68,-4,24,40,68,-4
1,1920,1080,384,512,128,128,0,2,68,-4,68,-4,68,-4,28,40,68,-4
1,1920,1080,384,512,128,128,0,2,68,-4,68,-4,68,-4,32,40,68,-4
1,1920,1080,384,512,128,128,0,2,68,-4,68,-4,68,-4,36,40,68,-4
1,1920,1080,384,512,128,128,0,2,68,-4,68,-4,68,-4,40,40,68,-4
1,1920,1080,384,512,128,128,0,2,68,-4,68,-4,68,-4,44,40,68,-4
1,1920,1080,384,512,128,128,0,2,68,-4,68,-4,68,-4,48,40,68,-4
1,1920,1080,384,512,128,128,0,2,68,-4,68,-4,68,-4,52,40,68,-4
1,1920,1080,384,512,128,128,0,2,68,-4,68,-4,68,-4,56,40,68,-4
1,1920,1080,384,512,128,128,0,2,68,-4,68,-4,68,-4,60,40,68,-4
1,1920,1080,384,512,128,128,0,2,68,-4,68,-4,68,-4,64,40,68,-4
1,1920,1080,384,512,128,128,0,2,68,-4,68,-4,68,-4,68,40,68,-4
1,1920,1080,384,512,128,128,0,2,68,-4,68,-4,68,-4,72,40,68,-4
1,1920,1080,384,512,128,128,0,2,68,-4,68,-4,68,-4,76,40,68,-4
1,1920,1080,384,512,128,128,0,2,68,-4,68,-4,68,-4,80,40,68,-4
1,1920,1080,384,512,128,128,0,2,68,-4,68,-4,68,-4,84,40,68,-4
1,1920,1080,384,512,128,128,0,2,68,-4,68,-4,68,-4,88,40,68,-4
1,1920,1080,384,512,128,128,0,2,68,-4,68,-4,68,-4,92,40,68,-4
1,1920,1080,384,512,128,128,0,2,68,-4,68,-4,68,-4,96,40,68,-4
1,1920,1080,384,512,128,128,0,2,68,-4,68,-4,68,-4,100,40,68,-4
1,1920,1080,384,512,128,128,0,2,68,-4,68,-4,68,-4,104,40,68,-4
1,1920,1080,384,512,128,128,0,2,68,-4,68,-4,68,-4,108,40,68,-4
1,1920,1080,384,512,128,128,0,2,68,-4,68,-4,68,-4,112,40,68,-4
1,1920,1080,384,512,128,128,0,2,68,-4,68,-4,68,-4,116,40,68,-4
1,1920,1080,384,512,128,128,0,2,68,-4,68,-4,68,-4,120,40,68,-4
1,1920,1080,384,512,128,128,0,2,68,-4,68,-4,68,-4,124,40,68,-4
1,1920,1080,384,512,128,128,0,2,68,-4,68,-4,68,-4,0,44,68,-4
1,1920,1080,384,512,128,128,0,2,68,-4,68,-4,68,-4,4,44,68,-4
1,1920,1080,384,512,128,128,0,2,68,-4,68,-4,68,-4,8,44,68,-4
1,1920,1080,384,512,128,128,0,2,68,-4,68,-4,68,-4,12,44,68,-4
1,1920,1080,384,512,128,128,0,2,68,-4,68,-4,68,-4,16,44,68,-4
1,1920,1080,384,512,128,128,0,2,68,-4,68,-4,68,-4,20,44,68,-4
1,1920,1080,384,512,128,128,0,2,68,-4,68,-4,68,-4,24,44,68,-4
1,1920,1080,384,512,128,128,0,2,68,-4,68,-4,68,-4,28,44,68,-4
1,1920,1080,384,512,128,128,0,2,68,-4,68,-4,68,-4,32,44,68,-4
1,1920,1080,384,512,128,128,0,2,68,-4,68,-4,68,-4,36,44,68,-4
1,1920,1080,384,512,128,128,0,2,68,-4,68,-4,68,-4,40,44,68,-4
1,1920,1080,384,512,128,128,0,2,68,-4,68,-4,68,-4,44,44,68,-4
1,1920,1080,384,512,128,128,0,2,68,-4,68,-4,68,-4,48,44,68,-4
1,1920,1080,384,512,128,128,0,2,68,-4,68,-4,68,-4,52,44,68,-4
1,1920,1080,384,512,128,128,0,2,68,-4,68,-4,68,-4,56,44,68,-4
1,1920,1080,384,512,128,128,0,2,68,-4,68,-4,68,-4,60,44,68,-4
1,1920,1080,384,512,128,128,0,2,68,-4,68,-4,68,-4,64,44,68,-4
1,1920,1080,384,512,128,128,0,2,68,-4,68,-4,68,-4,68,44,68,-4
1,1920,1080,384,512,128,128,0,2,68,-4,68,-4,68,-4,72,44,68,-4
1,1920,1080,384,512,128,128,0,2,68,-4,68,-4,68,-4,76,44,68,-4
1,1920,1080,384,512,128,128,0,2,68,-4,68,-4,68,-4,80,44,68,-4
1,1920,1080,384,512,128,128,0,2,68,-4,68,-4,68,-4,84,44,68,-4
1,1920,1080,384,512,128,128,0,2,68,-4,68,-4,68,-4,88,44,68,-4
1,1920,1080,384,512,128,128,0,2,68,-4,68,-4,68,-4,92,44,68,-4
1,1920,1080,384,512,128,128,0,2,68,-4,68,-4,68,-4,96,44,68,-4
1,1920,1080,384,512,128,128,0,2,68,-4,68,-4,68,-4,100,44,68,-4
1,1920,1080,384,512,128,128,0,2,68,-4,68,-4,68,-4,104,44,68,-4
1,1920,1080,384,512,128,128,0,2,68,-4,68,-4,68,-4,108,44,68,-4
1,1920,1080,384,512,128,128,0,2,68,-4,68,-4,68,-4,112,44,68,-4
1,1920,1080,384,512,128,128,0,2,68,-4,68,-4,68,-4,116,44,68,-4
1,1920,1080,384,512,128,128,0,2,68,-4,68,-4,68,-4,120,44,68,-4
1,1920,1080,384,512,128,128,0,2,68,-4,68,-4,68,-4,124,44,68,-4
1,1920,1080,384,512,128,128,0,2,68,-4,68,-4,68,-4,0,48,68,-4
1,1920,1080,384,512,128,128,0,2,68,-4,68,-4,68,-4,4,48,68,-4
1,1920,1080,384,512,128,128,0,2,68,-4,68,-4,68,-4,8,48,68,-4
1,1920,1080,384,512,128,128,0,2,68,-4,68,-4,68,-4,12,48,68,-4
1,1920,1080,384,512,128,128,0,2,68,-4,68,-4,68,-4,16,48,68,-4
1,1920,1080,384,512,128,128,0,2,68,-4,68,-4,68,-4,20,48,68,-4
1,1920,1080,384,512,128,128,0,2,68,-4,68,-4,68,-4,24,48,68,-4
1,1920,1080,384,512,128,128,0,2,68,-4,68,-4,68,-4,28,48,68,-4
1,1920,1080,384,512,128,128,0,2,68,-4,68,-4,68,-4,32,48,68,-4
1,1920,1080,384,512,128,128,0,2,68,-4,68,-4,68,-4,36,48,68,-4
1,1920,1080,384,512,128,128,0,2,68,-4,68,-4,68,-4,40,48,68,-4
1,1920,1080,384,512,128,128,0,2,68,-4,68,-4,68,-4,44,48,68,-4
1,1920,1080,384,512,128,128,0,2,68,-4,68,-4,68,-4,48,48,68,-4
1,1920,1080,384,512,128,128,0,2,68,-4,68,-4,68,-4,52,48,68,-4
1,1920,1080,384,512,128,128,0,2,68,-4,68,-4,68,-4,56,48,68,-4
1,1920,1080,384,512,128,128,0,2,68,-4,68,-4,68,-4,60,48,68,-4
1,1920,1080,384,512,128,128,0,2,68,-4,68,-4,68,-4,64,48,68,-4
1,1920,1080,384,512,128,128,0,2,68,-4,68,-4,68,-4,68,48,68,-4
1,1920,1080,384,512,128,128,0,2,68,-4,68,-4,68,-4,72,48,68,-4
1,1920,1080,384,512,128,128,0,2,68,-4,68,-4,68,-4,76,48,68,-4
1,1920,1080,384,512,128,128,0,2,68,-4,68,-4,68,-4,80,48,68,-4
1,1920,1080,384,512,128,128,0,2,68,-4,68,-4,68,-4,84,48,68,-4
1,1920,1080,384,512,128,128,0,2,68,-4,68,-4,68,-4,88,48,68,-4
1,1920,1080,384,512,128,128,0,2,68,-4,68,-4,68,-4,92,48,68,-4
1,1920,1080,384,512,128,128,0,2,68,-4,68,-4,68,-4,96,48,68,-4
1,1920,1080,384,512,128,128,0,2,68,-4,68,-4,68,-4,100,48,68,-4
1,1920,1080,384,512,128,128,0,2,68,-4,68,-4,68,-4,104,48,68,-4
1,1920,1080,384,512,128,128,0,2,68,-4,68,-4,68,-4,108,48,68,-4
1,1920,1080,384,512,128,128,0,2,68,-4,68,-4,68,-4,112,48,68,-4
1,1920,1080,384,512,128,128,0,2,68,-4,68,-4,68,-4,116,48,68,-4
1,1920,1080,384,512,128,128,0,2,68,-4,68,-4,68,-4,120,48,68,-4
1,1920,1080,384,512,128,128,0,2,68,-4,68,-4,68,-4,124,48,68,-4
1,1920,1080,384,512,128,128,0,2,68,-4,68,-4,68,-4,0,52,68,-4
1,1920,1080,384,512,128,128,0,2,68,-4,68,-4,68,-4,4,52,68,-4
1,1920,1080,384,512,128,128,0,2,68,-4,68,-4,68,-4,8,52,68,-4
1,1920,1080,384,512,128,128,0,2,68,-4,68,-4,68,-4,12,52,68,-4
1,1920,1080,384,512,128,128,0,2,68,-4,68,-4,68,-4,16,52,68,-4
1,1920,1080,384,512,128,128,0,2,68,-4,68,-4,68,-4,20,52,68,-4
1,1920,1080,384,512,128,128,0,2,68,-4,68,-4,68,-4,24,52,68,-4
1,1920,1080,384,512,128,128,0,2,68,-4,68,-4,68,-4,28,52,68,-4
1,1920,1080,384,512,128,128,0,2,68,-4,68,-4,68,-4,32,52,68,-4
1,1920,1080,384,512,128,128,0,2,68,-4,68,-4,68,-4,36,52,68,-4
1,1920,1080,384,512,128,128,0,2,68,-4,68,-4,68,-4,40,52,68,-4
1,1920,1080,384,512,128,128,0,2,68,-4,68,-4,68,-4,44,52,68,-4
1,1920,1080,384,512,128,128,0,2,68,-4,68,-4,68,-4,48,52,68,-4
1,1920,1080,384,512,128,128,0,2,68,-4,68,-4,68,-4,52,52,68,-4
1,1920,1080,384,512,128,128,0,2,68,-4,68,-4,68,-4,56,52,68,-4
1,1920,1080,384,512,128,128,0,2,68,-4,68,-4,68,-4,60,52,68,-4
1,1920,1080,384,512,128,128,0,2,68,-4,68,-4,68,-4,64,52,68,-4
1,1920,1080,384,512,128,128,0,2,68,-4,68,-4,68,-4,68,52,68,-4
1,1920,1080,384,512,128,128,0,2,68,-4,68,-4,68,-4,72,52,68,-4
1,1920,1080,384,512,128,128,0,2,68,-4,68,-4,68,-4,76,52,68,-4
1,1920,1080,384,512,128,128,0,2,68,-4,68,-4,68,-4,80,52,68,-4
1,1920,1080,384,512,128,128,0,2,68,-4,68,-4,68,-4,84,52,68,-4
1,1920,1080,384,512,128,128,0,2,68,-4,68,-4,68,-4,88,52,68,-4
1,1920,1080,384,512,128,128,0,2,68,-4,68,-4,68,-4,92,52,68,-4
1,1920,1080,384,512,128,128,0,2,68,-4,68,-4,68,-4,96,52,68,-4
1,1920,1080,384,512,128,128,0,2,68,-4,68,-4,68,-4,100,52,68,-4
1,1920,1080,384,512,128,128,0,2,68,-4,68,-4,68,-4,104,52,68,-4
1,1920,1080,384,512,128,128,0,2,68,-4,68,-4,68,-4,108,52,68,-4
1,1920,1080,384,512,128,128,0,2,68,-4,68,-4,68,-4,112,52,68,-4
1,1920,1080,384,512,128,128,0,2,68,-4,68,-4,68,-4,116,52,68,-4
1,1920,1080,384,512,128,128,0,2,68,-4,68,-4,68,-4,120,52,68,-4
1,1920,1080,384,512,128,128,0,2,68,-4,68,-4,68,-4,124,52,68,-4
1,1920,1080,384,512,128,128,0,2,68,-4,68,-4,68,-4,0,56,68,-4
1,1920,1080,384,512,128,128,0,2,68,-4,68,-4,68,-4,4,56,68,-4
1,1920,1080,384,512,128,128,0,2,68,-4,68,-4,68,-4,8,56,68,-4
1,1920,1080,384,512,128,128,0,2,68,-4,68,-4,68,-4,12,56,68,-4
1,1920,1080,384,512,128,128,0,2,68,-4,68,-4,68,-4,16,56,68,-4
1,1920,1080,384,512,128,128,0,2,68,-4,68,-4,68,-4,20,56,68,-4
1,1920,1080,384,512,128,128,0,2,68,-4,68,-4,68,-4,24,56,68,-4
1,1920,1080,384,512,128,128,0,2,68,-4,68,-4,68,-4,28,56,68,-4
1,1920,1080,384,512,128,128,0,2,68,-4,68,-4,68,-4,32,56,68,-4
1,1920,1080,384,512,128,128,0,2,68,-4,68,-4,68,-4,36,56,68,-4
1,1920,1080,384,512,128,128,0,2,68,-4,68,-4,68,-4,40,56,68,-4
1,1920,1080,384,512,128,128,0,2,68,-4,68,-4,68,-4,44,56,68,-4
1,1920,1080,384,512,128,128,0,2,68,-4,68,-4,68,-4,48,56,68,-4
1,1920,1080,384,512,128,128,0,2,68,-4,68,-4,68,-4,52,56,68,-4
1,1920,1080,384,512,128,128,0,2,68,-4,68,-4,68,-4,56,56,68,-4
1,1920,1080,384,512,128,128,0,2,68,-4,68,-4,68,-4,60,56,68,-4
1,1920,1080,384,512,128,128,0,2,68,-4,68,-4,68,-4,64,56,68,-4
1,1920,1080,384,512,128,128,0,2,68,-4,68,-4,68,-4,68,56,68,-4
1,1920,1080,384,512,128,128,0,2,68,-4,68,-4,68,-4,72,56,68,-4
1,1920,1080,384,512,128,128,0,2,68,-4,68,-4,68,-4,76,56,68,-4
1,1920,1080,384,512,128,128,0,2,68,-4,68,-4,68,-4,80,56,68,-4
1,1920,1080,384,512,128,128,0,2,68,-4,68,-4,68,-4,84,56,68,-4
1,1920,1080,384,512,128,128,0,2,68,-4,68,-4,68,-4,88,56,68,-4
1,1920,1080,384,512,128,128,0,2,68,-4,68,-4,68,-4,92,56,68,-4
1,1920,1080,384,512,128,128,0,2,68,-4,68,-4,68,-4,96,56,68,-4
1,1920,1080,384,512,128,128,0,2,68,-4,68,-4,68,-4,100,56,68,-4
1,1920,1080,384,512,128,128,0,2,68,-4,68,-4,68,-4,104,56,68,-4
1,1920,1080,384,512,128,128,0,2,68,-4,68,-4,68,-4,108,56,68,-4
1,1920,1080,384,512,128,128,0,2,68,-4,68,-4,68,-4,112,56,68,-4
1,1920,1080,384,512,128,128,0,2,68,-4,68,-4,68,-4,116,56,68,-4
1,1920,1080,384,512,128,128,0,2,68,-4,68,-4,68,-4,120,56,68,-4
1,1920,1080,384,512,128,128,0,2,68,-4,68,-4,68,-4,124,56,68,-4
1,1920,1080,384,512,128,128,0,2,68,-4,68,-4,68,-4,0,60,68,-4
1,1920,1080,384,512,128,128,0,2,68,-4,68,-4,68,-4,4,60,68,-4
1,1920,1080,384,512,128,128,0,2,68,-4,68,-4,68,-4,8,60,68,-4
1,1920,1080,384,512,128,128,0,2,68,-4,68,-4,68,-4,12,60,68,-4
1,1920,1080,384,512,128,128,0,2,68,-4,68,-4,68,-4,16,60,68,-4
1,1920,1080,384,512,128,128,0,2,68,-4,68,-4,68,-4,20,60,68,-4
1,1920,1080,384,512,128,128,0,2,68,-4,68,-4,68,-4,24,60,68,-4
1,1920,1080,384,512,128,128,0,2,68,-4,68,-4,68,-4,28,60,68,-4
1,1920,1080,384,512,128,128,0,2,68,-4,68,-4,68,-4,32,60,68,-4
1,1920,1080,384,512,128,128,0,2,68,-4,68,-4,68,-4,36,60,68,-4
1,1920,1080,384,512,128,128,0,2,68,-4,68,-4,68,-4,40,60,68,-4
1,1920,1080,384,512,128,128,0,2,68,-4,68,-4,68,-4,44,60,68,-4
1,1920,1080,384,512,128,128,0,2,68,-4,68,-4,68,-4,48,60,68,-4
1,1920,1080,384,512,128,128,0,2,68,-4,68,-4,68,-4,52,60,68,-4
1,1920,1080,384,512,128,128,0,2,68,-4,68,-4,68,-4,56,60,68,-4
1,1920,1080,384,512,128,128,0,2,68,-4,68,-4,68,-4,60,60,68,-4
1,1920,1080,384,512,128,128,0,2,68,-4,68,-4,68,-4,64,60,68,-4
1,1920,1080,384,512,128,128,0,2,68,-4,68,-4,68,-4,68,60,68,-4
1,1920,1080,384,512,128,128,0,2,68,-4,68,-4,68,-4,72,60,68,-4
1,1920,1080,384,512,128,128,0,2,68,-4,68,-4,68,-4,76,60,68,-4
1,1920,1080,384,512,128,128,0,2,68,-4,68,-4,68,-4,80,60,68,-4
1,1920,1080,384,512,128,128,0,2,68,-4,68,-4,68,-4,84,60,68,-4
1,1920,1080,384,512,128,128,0,2,68,-4,68,-4,68,-4,88,60,68,-4
1,1920,1080,384,512,128,128,0,2,68,-4,68,-4,68,-4,92,60,68,-4
1,1920,1080,384,512,128,128,0,2,68,-4,68,-4,68,-4,96,60,68,-4
1,1920,1080,384,512,128,128,0,2,68,-4,68,-4,68,-4,100,60,68,-4
1,1920,1080,384,512,128,128,0,2,68,-4,68,-4,68,-4,104,60,68,-4
1,1920,1080,384,512,128,128,0,2,68,-4,68,-4,68,-4,108,60,68,-4
1,1920,1080,384,512,128,128,0,2,68,-4,68,-4,68,-4,112,60,68,-4
1,1920,1080,384,512,128,128,0,2,68,-4,68,-4,68,-4,116,60,68,-4
1,1920,1080,384,512,128,128,0,2,68,-4,68,-4,68,-4,120,60,68,-4
1,1920,1080,384,512,128,128,0,2,68,-4,68,-4,68,-4,124,60,68,-4
1,1920,1080,384,512,128,128,0,2,68,-4,68,-4,68,-4,0,64,68,-4
1,1920,1080,384,512,128,128,0,2,68,-4,68,-4,68,-4,4,64,68,-4
1,1920,1080,384,512,128,128,0,2,68,-4,68,-4,68,-4,8,64,68,-4
1,1920,1080,384,512,128,128,0,2,68,-4,68,-4,68,-4,12,64,68,-4
1,1920,1080,384,512,128,128,0,2,68,-4,68,-4,68,-4,16,64,68,-4
1,1920,1080,384,512,128,128,0,2,68,-4,68,-4,68,-4,20,64,68,-4
1,1920,1080,384,512,128,128,0,2,68,-4,68,-4,68,-4,24,64,68,-4
1,1920,1080,384,512,128,128,0,2,68,-4,68,-4,68,-4,28,64,68,-4
1,1920,1080,384,512,128,128,0,2,68,-4,68,-4,68,-4,32,64,68,-4
1,1920,1080,384,512,128,128,0,2,68,-4,68,-4,68,-4,36,64,68,-4
1,1920,1080,384,512,128,128,0,2,68,-4,68,-4,68,-4,40,64,68,-4
1,1920,1080,384,512,128,128,0,2,68,-4,68,-4,68,-4,44,64,68,-4
1,1920,1080,384,512,128,128,0,2,68,-4,68,-4,68,-4,48,64,68,-4
1,1920,1080,384,512,128,128,0,2,68,-4,68,-4,68,-4,52,64,68,-4
1,1920,1080,384,512,128,128,0,2,68,-4,68,-4,68,-4,56,64,68,-4
1,1920,1080,384,512,128,128,0,2,68,-4,68,-4,68,-4,60,64,68,-4
1,1920,1080,384,512,128,128,0,2,68,-4,68,-4,68,-4,64,64,68,-4
1,1920,1080,384,512,128,128,0,2,68,-4,68,-4,68,-4,68,64,68,-4
1,1920,1080,384,512,128,128,0,2,68,-4,68,-4,68,-4,72,64,68,-4
1,1920,1080,384,512,128,128,0,2,68,-4,68,-4,68,-4,76,64,68,-4
1,1920,1080,384,512,128,128,0,2,68,-4,68,-4,68,-4,80,64,68,-4
1,1920,1080,384,512,128,128,0,2,68,-4,68,-4,68,-4,84,64,68,-4
1,1920,1080,384,512,128,128,0,2,68,-4,68,-4,68,-4,88,64,68,-4
1,1920,1080,384,512,128,128,0,2,68,-4,68,-4,68,-4,92,64,68,-4
1,1920,1080,384,512,128,128,0,2,68,-4,68,-4,68,-4,96,64,68,-4
1,1920,1080,384,512,128,128,0,2,68,-4,68,-4,68,-4,100,64,68,-4
1,1920,1080,384,512,128,128,0,2,68,-4,68,-4,68,-4,104,64,68,-4
1,1920,1080,384,512,128,128,0,2,68,-4,68,-4,68,-4,108,64,68,-4
1,1920,1080,384,512,128,128,0,2,68,-4,68,-4,68,-4,112,64,68,-4
1,1920,1080,384,512,128,128,0,2,68,-4,68,-4,68,-4,116,64,68,-4
1,1920,1080,384,512,128,128,0,2,68,-4,68,-4,68,-4,120,64,68,-4
1,1920,1080,384,512,128,128,0,2,68,-4,68,-4,68,-4,124,64,68,-4
1,1920,1080,384,512,128,128,0,2,68,-4,68,-4,68,-4,0,68,68,-4
1,1920,1080,384,512,128,128,0,2,68,-4,68,-4,68,-4,4,68,68,-4
1,1920,1080,384,512,128,128,0,2,68,-4,68,-4,68,-4,8,68,68,-4
1,1920,1080,384,512,128,128,0,2,68,-4,68,-4,68,-4,12,68,68,-4
1,1920,1080,384,512,128,128,0,2,68,-4,68,-4,68,-4,16,68,68,-4
1,1920,1080,384,512,128,128,0,2,68,-4,68,-4,68,-4,20,68,68,-4
1,1920,1080,384,512,128,128,0,2,68,-4,68,-4,68,-4,24,68,68,-4
1,1920,1080,384,512,128,128,0,2,68,-4,68,-4,68,-4,28,68,68,-4
1,1920,1080,384,512,128,128,0,2,68,-4,68,-4,68,-4,32,68,68,-4
1,1920,1080,384,512,128,128,0,2,68,-4,68,-4,68,-4,36,68,68,-4
1,1920,1080,384,512,128,128,0,2,68,-4,68,-4,68,-4,40,68,68,-4
1,1920,1080,384,512,128,128,0,2,68,-4,68,-4,68,-4,44,68,68,-4
1,1920,1080,384,512,128,128,0,2,68,-4,68,-4,68,-4,48,68,68,-4
1,1920,1080,384,512,128,128,0,2,68,-4,68,-4,68,-4,52,68,68,-4
1,1920,1080,384,512,128,128,0,2,68,-4,68,-4,68,-4,56,68,68,-4
1,1920,1080,384,512,128,128,0,2,68,-4,68,-4,68,-4,60,68,68,-4
1,1920,1080,384,512,128,128,0,2,68,-4,68,-4,68,-4,64,68,68,-4
1,1920,1080,384,512,128,128,0,2,68,-4,68,-4,68,-4,68,68,68,-4
1,1920,1080,384,512,128,128,0,2,68,-4,68,-4,68,-4,72,68,68,-4
1,1920,1080,384,512,128,128,0,2,68,-4,68,-4,68,-4,76,68,68,-4
1,1920,1080,384,512,128,128,0,2,68,-4,68,-4,68,-4,80,68,68,-4
1,1920,1080,384,512,128,128,0,2,68,-4,68,-4,68,-4,84,68,68,-4
1,1920,1080,384,512,128,128,0,2,68,-4,68,-4,68,-4,88,68,68,-4
1,1920,1080,384,512,128,128,0,2,68,-4,68,-4,68,-4,92,68,68,-4
1,1920,1080,384,512,128,128,0,2,68,-4,68,-4,68,-4,96,68,68,-4
1,1920,1080,384,512,128,128,0,2,68,-4,68,-4,68,-4,100,68,68,-4
1,1920,1080,384,512,128,128,0,2,68,-4,68,-4,68,-4,104,68,68,-4
1,1920,1080,384,512,128,128,0,2,68,-4,68,-4,68,-4,108,68,68,-4
1,1920,1080,384,512,128,128,0,2,68,-4,68,-4,68,-4,112,68,68,-4
1,1920,1080,384,512,128,128,0,2,68,-4,68,-4,68,-4,116,68,68,-4
1,1920,1080,384,512,128,128,0,2,68,-4,68,-4,68,-4,120,68,68,-4
1,1920,1080,384,512,128,128,0,2,68,-4,68,-4,68,-4,124,68,68,-4
1,1920,1080,384,512,128,128,0,2,68,-4,68,-4,68,-4,0,72,68,-4
1,1920,1080,384,512,128,128,0,2,68,-4,68,-4,68,-4,4,72,68,-4
1,1920,1080,384,512,128,128,0,2,68,-4,68,-4,68,-4,8,72,68,-4
1,1920,1080,384,512,128,128,0,2,68,-4,68,-4,68,-4,12,72,68,-4
1,1920,1080,384,512,128,128,0,2,68,-4,68,-4,68,-4,16,72,68,-4
1,1920,1080,384,512,128,128,0,2,68,-4,68,-4,68,-4,20,72,68,-4
1,1920,1080,384,512,128,128,0,2,68,-4,68,-4,68,-4,24,72,68,-4
1,1920,1080,384,512,128,128,0,2,68,-4,68,-4,68,-4,28,72,68,-4
1,1920,1080,384,512,128,128,0,2,68,-4,68,-4,68,-4,32,72,68,-4
1,1920,1080,384,512,128,128,0,2,68,-4,68,-4,68,-4,36,72,68,-4
1,1920,1080,384,512,128,128,0,2,68,-4,68,-4,68,-4,40,72,68,-4
1,1920,1080,384,512,128,128,0,2,68,-4,68,-4,68,-4,44,72,68,-4
1,1920,1080,384,512,128,128,0,2,68,-4,68,-4,68,-4,48,72,68,-4
1,1920,1080,384,512,128,128,0,2,68,-4,68,-4,68,-4,52,72,68,-4
1,1920,1080,384,512,128,128,0,2,68,-4,68,-4,68,-4,56,72,68,-4
1,1920,1080,384,512,128,128,0,2,68,-4,68,-4,68,-4,60,72,68,-4
1,1920,1080,384,512,128,128,0,2,68,-4,68,-4,68,-4,64,72,68,-4
1,1920,1080,384,512,128,128,0,2,68,-4,68,-4,68,-4,68,72,68,-4
1,1920,1080,384,512,128,128,0,2,68,-4,68,-4,68,-4,72,72,68,-4
1,1920,1080,384,512,128,128,0,2,68,-4,68,-4,68,-4,76,72,68,-4
1,1920,1080,384,512,128,128,0,2,68,-4,68,-4,68,-4,80,72,68,-4
1,1920,1080,384,512,128,128,0,2,68,-4,68,-4,68,-4,84,72,68,-4
1,1920,1080,384,512,128,128,0,2,68,-4,68,-4,68,-4,88,72,68,-4
1,1920,1080,384,512,128,128,0,2,68,-4,68,-4,68,-4,92,72,68,-4
1,1920,1080,384,512,128,128,0,2,68,-4,68,-4,68,-4,96,72,68,-4
1,1920,1080,384,512,128,128,0,2,68,-4,68,-4,68,-4,100,72,68,-4
1,1920,1080,384,512,128,128,0,2,68,-4,68,-4,68,-4,104,72,68,-4
1,1920,1080,384,512,128,128,0,2,68,-4,68,-4,68,-4,108,72,68,-4
1,1920,1080,384,512,128,128,0,2,68,-4,68,-4,68,-4,112,72,68,-4
1,1920,1080,384,512,128,128,0,2,68,-4,68,-4,68,-4,116,72,68,-4
1,1920,1080,384,512,128,128,0,2,68,-4,68,-4,68,-4,120,72,68,-4
1,1920,1080,384,512,128,128,0,2,68,-4,68,-4,68,-4,124,72,68,-4
1,1920,1080,384,512,128,128,0,2,68,-4,68,-4,68,-4,0,76,68,-4
1,1920,1080,384,512,128,128,0,2,68,-4,68,-4,68,-4,4,76,68,-4
1,1920,1080,384,512,128,128,0,2,68,-4,68,-4,68,-4,8,76,68,-4
1,1920,1080,384,512,128,128,0,2,68,-4,68,-4,68,-4,12,76,68,-4
1,1920,1080,384,512,128,128,0,2,68,-4,68,-4,68,-4,16,76,68,-4
1,1920,1080,384,512,128,128,0,2,68,-4,68,-4,68,-4,20,76,68,-4
1,1920,1080,384,512,128,128,0,2,68,-4,68,-4,68,-4,24,76,68,-4
1,1920,1080,384,512,128,128,0,2,68,-4,68,-4,68,-4,28,76,68,-4
1,1920,1080,384,512,128,128,0,2,68,-4,68,-4,68,-4,32,76,68,-4
1,1920,1080,384,512,128,128,0,2,68,-4,68,-4,68,-4,36,76,68,-4
1,1920,1080,384,512,128,128,0,2,68,-4,68,-4,68,-4,40,76,68,-4
1,1920,1080,384,512,128,128,0,2,68,-4,68,-4,68,-4,44,76,68,-4
1,1920,1080,384,512,128,128,0,2,68,-4,68,-4,68,-4,48,76,68,-4
1,1920,1080,384,512,128,128,0,2,68,-4,68,-4,68,-4,52,76,68,-4
1,1920,1080,384,512,128,128,0,2,68,-4,68,-4,68,-4,56,76,68,-4
1,1920,1080,384,512,128,128,0,2,68,-4,68,-4,68,-4,60,76,68,-4
1,1920,1080,384,512,128,128,0,2,68,-4,68,-4,68,-4,64,76,68,-4
1,1920,1080,384,512,128,128,0,2,68,-4,68,-4,68,-4,68,76,68,-4
1,1920,1080,384,512,128,128,0,2,68,-4,68,-4,68,-4,72,76,68,-4
1,1920,1080,384,512,128,128,0,2,68,-4,68,-4,68,-4,76,76,68,-4
1,1920,1080,384,512,128,128,0,2,68,-4,68,-4,68,-4,80,76,68,-4
1,1920,1080,384,512,128,128,0,2,68,-4,68,-4,68,-4,84,76,68,-4
1,1920,1080,384,512,128,128,0,2,68,-4,68,-4,68,-4,88,76,68,-4
1,1920,1080,384,512,128,128,0,2,68,-4,68,-4,68,-4,92,76,68,-4
1,1920,1080,384,512,128,128,0,2,68,-4,68,-4,68,-4,96,76,68,-4
1,1920,1080,384,512,128,128,0,2,68,-4,68,-4,68,-4,100,76,68,-4
1,1920,1080,384,512,128,128,0,2,68,-4,68,-4,68,-4,104,76,68,-4
1,1920,1080,384,512,128,128,0,2,68,-4,68,-4,68,-4,108,76,68,-4
1,1920,1080,384,512,128,128,0,2,68,-4,68,-4,68,-4,112,76,68,-4
1,1920,1080,384,512,128,128,0,2,68,-4,68,-4,68,-4,116,76,68,-4
1,1920,1080,384,512,128,128,0,2,68,-4,68,-4,68,-4,120,76,68,-4
1,1920,1080,384,512,128,128,0,2,68,-4,68,-4,68,-4,124,76,68,-4
1,1920,1080,384,512,128,128,0,2,68,-4,68,-4,68,-4,0,80,68,-4
1,1920,1080,384,512,128,128,0,2,68,-4,68,-4,68,-4,4,80,68,-4
1,1920,1080,384,512,128,128,0,2,68,-4,68,-4,68,-4,8,80,68,-4
1,1920,1080,384,512,128,128,0,2,68,-4,68,-4,68,-4,12,80,68,-4
1,1920,1080,384,512,128,128,0,2,68,-4,68,-4,68,-4,16,80,68,-4
1,1920,1080,384,512,128,128,0,2,68,-4,68,-4,68,-4,20,80,68,-4
1,1920,1080,384,512,128,128,0,2,68,-4,68,-4,68,-4,24,80,68,-4
1,1920,1080,384,512,128,128,0,2,68,-4,68,-4,68,-4,28,80,68,-4
1,1920,1080,384,512,128,128,0,2,68,-4,68,-4,68,-4,32,80,68,-4
1,1920,1080,384,512,128,128,0,2,68,-4,68,-4,68,-4,36,80,68,-4
1,1920,1080,384,512,128,128,0,2,68,-4,68,-4,68,-4,40,80,68,-4
1,1920,1080,384,512,128,128,0,2,68,-4,68,-4,68,-4,44,80,68,-4
1,1920,1080,384,512,128,128,0,2,68,-4,68,-4,68,-4,48,80,68,-4
1,1920,1080,384,512,128,128,0,2,68,-4,68,-4,68,-4,52,80,68,-4
1,1920,1080,384,512,128,128,0,2,68,-4,68,-4,68,-4,56,80,68,-4
1,1920,1080,384,512,128,128,0,2,68,-4,68,-4,68,-4,60,80,68,-4
1,1920,1080,384,512,128,128,0,2,68,-4,68,-4,68,-4,64,80,68,-4
1,1920,1080,384,512,128,128,0,2,68,-4,68,-4,68,-4,68,80,68,-4
1,1920,1080,384,512,128,128,0,2,68,-4,68,-4,68,-4,72,80,68,-4
1,1920,1080,384,512,128,128,0,2,68,-4,68,-4,68,-4,76,80,68,-4
1,1920,1080,384,512,128,128,0,2,68,-4,68,-4,68,-4,80,80,68,-4
1,1920,1080,384,512,128,128,0,2,68,-4,68,-4,68,-4,84,80,68,-4
1,1920,1080,384,512,128,128,0,2,68,-4,68,-4,68,-4,88,80,68,-4
1,1920,1080,384,512,128,128,0,2,68,-4,68,-4,68,-4,92,80,68,-4
1,1920,1080,384,512,128,128,0,2,68,-4,68,-4,68,-4,96,80,68,-4
1,1920,1080,384,512,128,128,0,2,68,-4,68,-4,68,-4,100,80,68,-4
1,1920,1080,384,512,128,128,0,2,68,-4,68,-4,68,-4,104,80,68,-4
1,1920,1080,384,512,128,128,0,2,68,-4,68,-4,68,-4,108,80,68,-4
1,1920,1080,384,512,128,128,0,2,68,-4,68,-4,68,-4,112,80,68,-4
1,1920,1080,384,512,128,128,0,2,68,-4,68,-4,68,-4,116,80,68,-4
1,1920,1080,384,512,128,128,0,2,68,-4,68,-4,68,-4,120,80,68,-4
1,1920,1080,384,512,128,128,0,2,68,-4,68,-4,68,-4,124,80,68,-4
1,1920,1080,384,512,128,128,0,2,68,-4,68,-4,68,-4,0,84,68,-4
1,1920,1080,384,512,128,128,0,2,68,-4,68,-4,68,-4,4,84,68,-4
1,1920,1080,384,512,128,128,0,2,68,-4,68,-4,68,-4,8,84,68,-4
1,1920,1080,384,512,128,128,0,2,68,-4,68,-4,68,-4,12,84,68,-4
1,1920,1080,384,512,128,128,0,2,68,-4,68,-4,68,-4,16,84,68,-4
1,1920,1080,384,512,128,128,0,2,68,-4,68,-4,68,-4,20,84,68,-4
1,1920,1080,384,512,128,128,0,2,68,-4,68,-4,68,-4,24,84,68,-4
1,1920,1080,384,512,128,128,0,2,68,-4,68,-4,68,-4,28,84,68,-4
1,1920,1080,384,512,128,128,0,2,68,-4,68,-4,68,-4,32,84,68,-4
1,1920,1080,384,512,128,128,0,2,68,-4,68,-4,68,-4,36,84,68,-4
1,1920,1080,384,512,128,128,0,2,68,-4,68,-4,68,-4,40,84,68,-4
1,1920,1080,384,512,128,128,0,2,68,-4,68,-4,68,-4,44,84,68,-4
1,1920,1080,384,512,128,128,0,2,68,-4,68,-4,68,-4,48,84,68,-4
1,1920,1080,384,512,128,128,0,2,68,-4,68,-4,68,-4,52,84,68,-4
1,1920,1080,384,512,128,128,0,2,68,-4,68,-4,68,-4,56,84,68,-4
1,1920,1080,384,512,128,128,0,2,68,-4,68,-4,68,-4,60,84,68,-4
1,1920,1080,384,512,128,128,0,2,68,-4,68,-4,68,-4,64,84,68,-4
1,1920,1080,384,512,128,128,0,2,68,-4,68,-4,68,-4,68,84,68,-4
1,1920,1080,384,512,128,128,0,2,68,-4,68,-4,68,-4,72,84,68,-4
1,1920,1080,384,512,128,128,0,2,68,-4,68,-4,68,-4,76,84,68,-4
1,1920,1080,384,512,128,128,0,2,68,-4,68,-4,68,-4,80,84,68,-4
1,1920,1080,384,512,128,128,0,2,68,-4,68,-4,68,-4,84,84,68,-4
1,1920,1080,384,512,128,128,0,2,68,-4,68,-4,68,-4,88,84,68,-4
1,1920,1080,384,512,128,128,0,2,68,-4,68,-4,68,-4,92,84,68,-4
1,1920,1080,384,512,128,128,0,2,68,-4,68,-4,68,-4,96,84,68,-4
1,1920,1080,384,512,128,128,0,2,68,-4,68,-4,68,-4,100,84,68,-4
1,1920,1080,384,512,128,128,0,2,68,-4,68,-4,68,-4,104,84,68,-4
1,1920,1080,384,512,128,128,0,2,68,-4,68,-4,68,-4,108,84,68,-4
1,1920,1080,384,512,128,128,0,2,68,-4,68,-4,68,-4,112,84,68,-4
1,1920,1080,384,512,128,128,0,2,68,-4,68,-4,68,-4,116,84,68,-4
1,1920,1080,384,512,128,128,0,2,68,-4,68,-4,68,-4,120,84,68,-4
1,1920,1080,384,512,128,128,0,2,68,-4,68,-4,68,-4,124,84,68,-4
1,1920,1080,384,512,128,128,0,2,68,-4,68,-4,68,-4,0,88,68,-4
1,1920,1080,384,512,128,128,0,2,68,-4,68,-4,68,-4,4,88,68,-4
1,1920,1080,384,512,128,128,0,2,68,-4,68,-4,68,-4,8,88,68,-4
1,1920,1080,384,512,128,128,0,2,68,-4,68,-4,68,-4,12,88,68,-4
1,1920,1080,384,512,128,128,0,2,68,-4,68,-4,68,-4,16,88,68,-4
1,1920,1080,384,512,128,128,0,2,68,-4,68,-4,68,-4,20,88,68,-4
1,1920,1080,384,512,128,128,0,2,68,-4,68,-4,68,-4,24,88,68,-4
1,1920,1080,384,512,128,128,0,2,68,-4,68,-4,68,-4,28,88,68,-4
1,1920,1080,384,512,128,128,0,2,68,-4,68,-4,68,-4,32,88,68,-4
1,1920,1080,384,512,128,128,0,2,68,-4,68,-4,68,-4,36,88,68,-4
1,1920,1080,384,512,128,128,0,2,68,-4,68,-4,68,-4,40,88,68,-4
1,1920,1080,384,512,128,128,0,2,68,-4,68,-4,68,-4,44,88,68,-4
1,1920,1080,384,512,128,128,0,2,68,-4,68,-4,68,-4,48,88,68,-4
1,1920,1080,384,512,128,128,0,2,68,-4,68,-4,68,-4,52,88,68,-4
1,1920,1080,384,512,128,128,0,2,68,-4,68,-4,68,-4,56,88,68,-4
1,1920,1080,384,512,128,128,0,2,68,-4,68,-4,68,-4,60,88,68,-4
1,1920,1080,384,512,128,128,0,2,68,-4,68,-4,68,-4,64,88,68,-4
1,1920,1080,384,512,128,128,0,2,68,-4,68,-4,68,-4,68,88,68,-4
1,1920,1080,384,512,128,128,0,2,68,-4,68,-4,68,-4,72,88,68,-4
1,1920,1080,384,512,128,128,0,2,68,-4,68,-4,68,-4,76,88,68,-4
1,1920,1080,384,512,128,128,0,2,68,-4,68,-4,68,-4,80,88,68,-4
1,1920,1080,384,512,128,128,0,2,68,-4,68,-4,68,-4,84,88,68,-4
1,1920,1080,384,512,128,128,0,2,68,-4,68,-4,68,-4,88,88,68,-4
1,1920,1080,384,512,128,128,0,2,68,-4,68,-4,68,-4,92,88,68,-4
1,1920,1080,384,512,128,128,0,2,68,-4,68,-4,68,-4,96,88,68,-4
1,1920,1080,384,512,128,128,0,2,68,-4,68,-4,68,-4,100,88,68,-4
1,1920,1080,384,512,128,128,0,2,68,-4,68,-4,68,-4,104,88,68,-4
1,1920,1080,384,512,128,128,0,2,68,-4,68,-4,68,-4,108,88,68,-4
1,1920,1080,384,512,128,128,0,2,68,-4,68,-4,68,-4,112,88,68,-4
1,1920,1080,384,512,128,128,0,2,68,-4,68,-4,68,-4,116,88,68,-4
1,1920,1080,384,512,128,128,0,2,68,-4,68,-4,68,-4,120,88,68,-4
1,1920,1080,384,512,128,128,0,2,68,-4,68,-4,68,-4,124,88,68,-4
1,1920,1080,384,512,128,128,0,2,68,-4,68,-4,68,-4,0,92,68,-4
1,1920,1080,384,512,128,128,0,2,68,-4,68,-4,68,-4,4,92,68,-4
1,1920,1080,384,512,128,128,0,2,68,-4,68,-4,68,-4,8,92,68,-4
1,1920,1080,384,512,128,128,0,2,68,-4,68,-4,68,-4,12,92,68,-4
1,1920,1080,384,512,128,128,0,2,68,-4,68,-4,68,-4,16,92,68,-4
1,1920,1080,384,512,128,128,0,2,68,-4,68,-4,68,-4,20,92,68,-4
1,1920,1080,384,512,128,128,0,2,68,-4,68,-4,68,-4,24,92,68,-4
1,1920,1080,384,512,128,128,0,2,68,-4,68,-4,68,-4,28,92,68,-4
1,1920,1080,384,512,128,128,0,2,68,-4,68,-4,68,-4,32,92,68,-4
1,1920,1080,384,512,128,128,0,2,68,-4,68,-4,68,-4,36,92,68,-4
1,1920,1080,384,512,128,128,0,2,68,-4,68,-4,68,-4,40,92,68,-4
1,1920,1080,384,512,128,128,0,2,68,-4,68,-4,68,-4,44,92,68,-4
1,1920,1080,384,512,128,128,0,2,68,-4,68,-4,68,-4,48,92,68,-4
1,1920,1080,384,512,128,128,0,2,68,-4,68,-4,68,-4,52,92,68,-4
1,1920,1080,384,512,128,128,0,2,68,-4,68,-4,68,-4,56,92,68,-4
1,1920,1080,384,512,128,128,0,2,68,-4,68,-4,68,-4,60,92,68,-4
1,1920,1080,384,512,128,128,0,2,68,-4,68,-4,68,-4,64,92,68,-4
1,1920,1080,384,512,128,128,0,2,68,-4,68,-4,68,-4,68,92,68,-4
1,1920,1080,384,512,128,128,0,2,68,-4,68,-4,68,-4,72,92,68,-4
1,1920,1080,384,512,128,128,0,2,68,-4,68,-4,68,-4,76,92,68,-4
1,1920,1080,384,512,128,128,0,2,68,-4,68,-4,68,-4,80,92,68,-4
1,1920,1080,384,512,128,128,0,2,68,-4,68,-4,68,-4,84,92,68,-4
1,1920,1080,384,512,128,128,0,2,68,-4,68,-4,68,-4,88,92,68,-4
1,1920,1080,384,512,128,128,0,2,68,-4,68,-4,68,-4,92,92,68,-4
1,1920,1080,384,512,128,128,0,2,68,-4,68,-4,68,-4,96,92,68,-4
1,1920,1080,384,512,128,128,0,2,68,-4,68,-4,68,-4,100,92,68,-4
1,1920,1080,384,512,128,128,0,2,68,-4,68,-4,68,-4,104,92,68,-4
1,1920,1080,384,512,128,128,0,2,68,-4,68,-4,68,-4,108,92,68,-4
1,1920,1080,384,512,128,128,0,2,68,-4,68,-4,68,-4,112,92,68,-4
1,1920,1080,384,512,128,128,0,2,68,-4,68,-4,68,-4,116,92,68,-4
1,1920,1080,384,512,128,128,0,2,68,-4,68,-4,68,-4,120,92,68,-4
1,1920,1080,384,512,128,128,0,2,68,-4,68,-4,68,-4,124,92,68,-4
1,1920,1080,384,512,128,128,0,2,68,-4,68,-4,68,-4,0,96,68,-4
1,1920,1080,384,512,128,128,0,2,68,-4,68,-4,68,-4,4,96,68,-4
1,1920,1080,384,512,128,128,0,2,68,-4,68,-4,68,-4,8,96,68,-4
1,1920,1080,384,512,128,128,0,2,68,-4,68,-4,68,-4,12,96,68,-4
1,1920,1080,384,512,128,128,0,2,68,-4,68,-4,68,-4,16,96,68,-4
1,1920,1080,384,512,128,128,0,2,68,-4,68,-4,68,-4,20,96,68,-4
1,1920,1080,384,512,128,128,0,2,68,-4,68,-4,68,-4,24,96,68,-4
1,1920,1080,384,512,128,128,0,2,68,-4,68,-4,68,-4,28,96,68,-4
1,1920,1080,384,512,128,128,0,2,68,-4,68,-4,68,-4,32,96,68,-4
1,1920,1080,384,512,128,128,0,2,68,-4,68,-4,68,-4,36,96,68,-4
1,1920,1080,384,512,128,128,0,2,68,-4,68,-4,68,-4,40,96,68,-4
1,1920,1080,384,512,128,128,0,2,68,-4,68,-4,68,-4,44,96,68,-4
1,1920,1080,384,512,128,128,0,2,68,-4,68,-4,68,-4,48,96,68,-4
1,1920,1080,384,512,128,128,0,2,68,-4,68,-4,68,-4,52,96,68,-4
1,1920,1080,384,512,128,128,0,2,68,-4,68,-4,68,-4,56,96,68,-4
1,1920,1080,384,512,128,128,0,2,68,-4,68,-4,68,-4,60,96,68,-4
1,1920,1080,384,512,128,128,0,2,68,-4,68,-4,68,-4,64,96,68,-4
1,1920,1080,384,512,128,128,0,2,68,-4,68,-4,68,-4,68,96,68,-4
1,1920,1080,384,512,128,128,0,2,68,-4,68,-4,68,-4,72,96,68,-4
1,1920,1080,384,512,128,128,0,2,68,-4,68,-4,68,-4,76,96,68,-4
1,1920,1080,384,512,128,128,0,2,68,-4,68,-4,68,-4,80,96,68,-4
1,1920,1080,384,512,128,128,0,2,68,-4,68,-4,68,-4,84,96,68,-4
1,1920,1080,384,512,128,128,0,2,68,-4,68,-4,68,-4,88,96,68,-4
1,1920,1080,384,512,128,128,0,2,68,-4,68,-4,68,-4,92,96,68,-4
1,1920,1080,384,512,128,128,0,2,68,-4,68,-4,68,-4,96,96,68,-4
1,1920,1080,384,512,128,128,0,2,68,-4,68,-4,68,-4,100,96,68,-4
1,1920,1080,384,512,128,128,0,2,68,-4,68,-4,68,-4,104,96,68,-4
1,1920,1080,384,512,128,128,0,2,68,-4,68,-4,68,-4,108,96,68,-4
1,1920,1080,384,512,128,128,0,2,68,-4,68,-4,68,-4,112,96,68,-4
1,1920,1080,384,512,128,128,0,2,68,-4,68,-4,68,-4,116,96,68,-4
1,1920,1080,384,512,128,128,0,2,68,-4,68,-4,68,-4,120,96,68,-4
1,1920,1080,384,512,128,128,0,2,68,-4,68,-4,68,-4,124,96,68,-4
1,1920,1080,384,512,128,128,0,2,68,-4,68,-4,68,-4,0,100,68,-4
1,1920,1080,384,512,128,128,0,2,68,-4,68,-4,68,-4,4,100,68,-4
1,1920,1080,384,512,128,128,0,2,68,-4,68,-4,68,-4,8,100,68,-4
1,1920,1080,384,512,128,128,0,2,68,-4,68,-4,68,-4,12,100,68,-4
1,1920,1080,384,512,128,128,0,2,68,-4,68,-4,68,-4,16,100,68,-4
1,1920,1080,384,512,128,128,0,2,68,-4,68,-4,68,-4,20,100,68,-4
1,1920,1080,384,512,128,128,0,2,68,-4,68,-4,68,-4,24,100,68,-4
1,1920,1080,384,512,128,128,0,2,68,-4,68,-4,68,-4,28,100,68,-4
1,1920,1080,384,512,128,128,0,2,68,-4,68,-4,68,-4,32,100,68,-4
1,1920,1080,384,512,128,128,0,2,68,-4,68,-4,68,-4,36,100,68,-4
1,1920,1080,384,512,128,128,0,2,68,-4,68,-4,68,-4,40,100,68,-4
1,1920,1080,384,512,128,128,0,2,68,-4,68,-4,68,-4,44,100,68,-4
1,1920,1080,384,512,128,128,0,2,68,-4,68,-4,68,-4,48,100,68,-4
1,1920,1080,384,512,128,128,0,2,68,-4,68,-4,68,-4,52,100,68,-4
1,1920,1080,384,512,128,128,0,2,68,-4,68,-4,68,-4,56,100,68,-4
1,1920,1080,384,512,128,128,0,2,68,-4,68,-4,68,-4,60,100,68,-4
1,1920,1080,384,512,128,128,0,2,68,-4,68,-4,68,-4,64,100,68,-4
1,1920,1080,384,512,128,128,0,2,68,-4,68,-4,68,-4,68,100,68,-4
1,1920,1080,384,512,128,128,0,2,68,-4,68,-4,68,-4,72,100,68,-4
1,1920,1080,384,512,128,128,0,2,68,-4,68,-4,68,-4,76,100,68,-4
1,1920,1080,384,512,128,128,0,2,68,-4,68,-4,68,-4,80,100,68,-4
1,1920,1080,384,512,128,128,0,2,68,-4,68,-4,68,-4,84,100,68,-4
1,1920,1080,384,512,128,128,0,2,68,-4,68,-4,68,-4,88,100,68,-4
1,1920,1080,384,512,128,128,0,2,68,-4,68,-4,68,-4,92,100,68,-4
1,1920,1080,384,512,128,128,0,2,68,-4,68,-4,68,-4,96,100,68,-4
1,1920,1080,384,512,128,128,0,2,68,-4,68,-4,68,-4,100,100,68,-4
1,1920,1080,384,512,128,128,0,2,68,-4,68,-4,68,-4,104,100,68,-4
1,1920,1080,384,512,128,128,0,2,68,-4,68,-4,68,-4,108,100,68,-4
1,1920,1080,384,512,128,128,0,2,68,-4,68,-4,68,-4,112,100,68,-4
1,1920,1080,384,512,128,128,0,2,68,-4,68,-4,68,-4,116,100,68,-4
1,1920,1080,384,512,128,128,0,2,68,-4,68,-4,68,-4,120,100,68,-4
1,1920,1080,384,512,128,128,0,2,68,-4,68,-4,68,-4,124,100,68,-4
1,1920,1080,384,512,128,128,0,2,68,-4,68,-4,68,-4,0,104,68,-4
1,1920,1080,384,512,128,128,0,2,68,-4,68,-4,68,-4,4,104,68,-4
1,1920,1080,384,512,128,128,0,2,68,-4,68,-4,68,-4,8,104,68,-4
1,1920,1080,384,512,128,128,0,2,68,-4,68,-4,68,-4,12,104,68,-4
1,1920,1080,384,512,128,128,0,2,68,-4,68,-4,68,-4,16,104,68,-4
1,1920,1080,384,512,128,128,0,2,68,-4,68,-4,68,-4,20,104,68,-4
1,1920,1080,384,512,128,128,0,2,68,-4,68,-4,68,-4,24,104,68,-4
1,1920,1080,384,512,128,128,0,2,68,-4,68,-4,68,-4,28,104,68,-4
1,1920,1080,384,512,128,128,0,2,68,-4,68,-4,68,-4,32,104,68,-4
1,1920,1080,384,512,128,128,0,2,68,-4,68,-4,68,-4,36,104,68,-4
1,1920,1080,384,512,128,128,0,2,68,-4,68,-4,68,-4,40,104,68,-4
1,1920,1080,384,512,128,128,0,2,68,-4,68,-4,68,-4,44,104,68,-4
1,1920,1080,384,512,128,128,0,2,68,-4,68,-4,68,-4,48,104,68,-4
1,1920,1080,384,512,128,128,0,2,68,-4,68,-4,68,-4,52,104,68,-4
1,1920,1080,384,512,128,128,0,2,68,-4,68,-4,68,-4,56,104,68,-4
1,1920,1080,384,512,128,128,0,2,68,-4,68,-4,68,-4,60,104,68,-4
1,1920,1080,384,512,128,128,0,2,68,-4,68,-4,68,-4,64,104,68,-4
1,1920,1080,384,512,128,128,0,2,68,-4,68,-4,68,-4,68,104,68,-4
1,1920,1080,384,512,128,128,0,2,68,-4,68,-4,68,-4,72,104,68,-4
1,1920,1080,384,512,128,128,0,2,68,-4,68,-4,68,-4,76,104,68,-4
1,1920,1080,384,512,128,128,0,2,68,-4,68,-4,68,-4,80,104,68,-4
1,1920,1080,384,512,128,128,0,2,68,-4,68,-4,68,-4,84,104,68,-4
1,1920,1080,384,512,128,128,0,2,68,-4,68,-4,68,-4,88,104,68,-4
1,1920,1080,384,512,128,128,0,2,68,-4,68,-4,68,-4,92,104,68,-4
1,1920,1080,384,512,128,128,0,2,68,-4,68,-4,68,-4,96,104,68,-4
1,1920,1080,384,512,128,128,0,2,68,-4,68,-4,68,-4,100,104,68,-4
1,1920,1080,384,512,128,128,0,2,68,-4,68,-4,68,-4,104,104,68,-4
1,1920,1080,384,512,128,128,0,2,68,-4,68,-4,68,-4,108,104,68,-4
1,1920,1080,384,512,128,128,0,2,68,-4,68,-4,68,-4,112,104,68,-4
1,1920,1080,384,512,128,128,0,2,68,-4,68,-4,68,-4,116,104,68,-4
1,1920,1080,384,512,128,128,0,2,68,-4,68,-4,68,-4,120,104,68,-4
1,1920,1080,384,512,128,128,0,2,68,-4,68,-4,68,-4,124,104,68,-4
1,1920,1080,384,512,128,128,0,2,68,-4,68,-4,68,-4,0,108,68,-4
1,1920,1080,384,512,128,128,0,2,68,-4,68,-4,68,-4,4,108,68,-4
1,1920,1080,384,512,128,128,0,2,68,-4,68,-4,68,-4,8,108,68,-4
1,1920,1080,384,512,128,128,0,2,68,-4,68,-4,68,-4,12,108,68,-4
1,1920,1080,384,512,128,128,0,2,68,-4,68,-4,68,-4,16,108,68,-4
1,1920,1080,384,512,128,128,0,2,68,-4,68,-4,68,-4,20,108,68,-4
1,1920,1080,384,512,128,128,0,2,68,-4,68,-4,68,-4,24,108,68,-4
1,1920,1080,384,512,128,128,0,2,68,-4,68,-4,68,-4,28,108,68,-4
1,1920,1080,384,512,128,128,0,2,68,-4,68,-4,68,-4,32,108,68,-4
1,1920,1080,384,512,128,128,0,2,68,-4,68,-4,68,-4,36,108,68,-4
1,1920,1080,384,512,128,128,0,2,68,-4,68,-4,68,-4,40,108,68,-4
1,1920,1080,384,512,128,128,0,2,68,-4,68,-4,68,-4,44,108,68,-4
1,1920,1080,384,512,128,128,0,2,68,-4,68,-4,68,-4,48,108,68,-4
1,1920,1080,384,512,128,128,0,2,68,-4,68,-4,68,-4,52,108,68,-4
1,1920,1080,384,512,128,128,0,2,68,-4,68,-4,68,-4,56,108,68,-4
1,1920,1080,384,512,128,128,0,2,68,-4,68,-4,68,-4,60,108,68,-4
1,1920,1080,384,512,128,128,0,2,68,-4,68,-4,68,-4,64,108,68,-4
1,1920,1080,384,512,128,128,0,2,68,-4,68,-4,68,-4,68,108,68,-4
1,1920,1080,384,512,128,128,0,2,68,-4,68,-4,68,-4,72,108,68,-4
1,1920,1080,384,512,128,128,0,2,68,-4,68,-4,68,-4,76,108,68,-4
1,1920,1080,384,512,128,128,0,2,68,-4,68,-4,68,-4,80,108,68,-4
1,1920,1080,384,512,128,128,0,2,68,-4,68,-4,68,-4,84,108,68,-4
1,1920,1080,384,512,128,128,0,2,68,-4,68,-4,68,-4,88,108,68,-4
1,1920,1080,384,512,128,128,0,2,68,-4,68,-4,68,-4,92,108,68,-4
1,1920,1080,384,512,128,128,0,2,68,-4,68,-4,68,-4,96,108,68,-4
1,1920,1080,384,512,128,128,0,2,68,-4,68,-4,68,-4,100,108,68,-4
1,1920,1080,384,512,128,128,0,2,68,-4,68,-4,68,-4,104,108,68,-4
1,1920,1080,384,512,128,128,0,2,68,-4,68,-4,68,-4,108,108,68,-4
1,1920,1080,384,512,128,128,0,2,68,-4,68,-4,68,-4,112,108,68,-4
1,1920,1080,384,512,128,128,0,2,68,-4,68,-4,68,-4,116,108,68,-4
1,1920,1080,384,512,128,128,0,2,68,-4,68,-4,68,-4,120,108,68,-4
1,1920,1080,384,512,128,128,0,2,68,-4,68,-4,68,-4,124,108,68,-4
1,1920,1080,384,512,128,128,0,2,68,-4,68,-4,68,-4,0,112,68,-4
1,1920,1080,384,512,128,128,0,2,68,-4,68,-4,68,-4,4,112,68,-4
1,1920,1080,384,512,128,128,0,2,68,-4,68,-4,68,-4,8,112,68,-4
1,1920,1080,384,512,128,128,0,2,68,-4,68,-4,68,-4,12,112,68,-4
1,1920,1080,384,512,128,128,0,2,68,-4,68,-4,68,-4,16,112,68,-4
1,1920,1080,384,512,128,128,0,2,68,-4,68,-4,68,-4,20,112,68,-4
1,1920,1080,384,512,128,128,0,2,68,-4,68,-4,68,-4,24,112,68,-4
1,1920,1080,384,512,128,128,0,2,68,-4,68,-4,68,-4,28,112,68,-4
1,1920,1080,384,512,128,128,0,2,68,-4,68,-4,68,-4,32,112,68,-4
1,1920,1080,384,512,128,128,0,2,68,-4,68,-4,68,-4,36,112,68,-4
1,1920,1080,384,512,128,128,0,2,68,-4,68,-4,68,-4,40,112,68,-4
1,1920,1080,384,512,128,128,0,2,68,-4,68,-4,68,-4,44,112,68,-4
1,1920,1080,384,512,128,128,0,2,68,-4,68,-4,68,-4,48,112,68,-4
1,1920,1080,384,512,128,128,0,2,68,-4,68,-4,68,-4,52,112,68,-4
1,1920,1080,384,512,128,128,0,2,68,-4,68,-4,68,-4,56,112,68,-4
1,1920,1080,384,512,128,128,0,2,68,-4,68,-4,68,-4,60,112,68,-4
1,1920,1080,384,512,128,128,0,2,68,-4,68,-4,68,-4,64,112,68,-4
1,1920,1080,384,512,128,128,0,2,68,-4,68,-4,68,-4,68,112,68,-4
1,1920,1080,384,512,128,128,0,2,68,-4,68,-4,68,-4,72,112,68,-4
1,1920,1080,384,512,128,128,0,2,68,-4,68,-4,68,-4,76,112,68,-4
1,1920,1080,384,512,128,128,0,2,68,-4,68,-4,68,-4,80,112,68,-4
1,1920,1080,384,512,128,128,0,2,68,-4,68,-4,68,-4,84,112,68,-4
1,1920,1080,384,512,128,128,0,2,68,-4,68,-4,68,-4,88,112,68,-4
1,1920,1080,384,512,128,128,0,2,68,-4,68,-4,68,-4,92,112,68,-4
1,1920,1080,384,512,128,128,0,2,68,-4,68,-4,68,-4,96,112,68,-4
1,1920,1080,384,512,128,128,0,2,68,-4,68,-4,68,-4,100,112,68,-4
1,1920,1080,384,512,128,128,0,2,68,-4,68,-4,68,-4,104,112,68,-4
1,1920,1080,384,512,128,128,0,2,68,-4,68,-4,68,-4,108,112,68,-4
1,1920,1080,384,512,128,128,0,2,68,-4,68,-4,68,-4,112,112,68,-4
1,1920,1080,384,512,128,128,0,2,68,-4,68,-4,68,-4,116,112,68,-4
1,1920,1080,384,512,128,128,0,2,68,-4,68,-4,68,-4,120,112,68,-4
1,1920,1080,384,512,128,128,0,2,68,-4,68,-4,68,-4,124,112,68,-4
1,1920,1080,384,512,128,128,0,2,68,-4,68,-4,68,-4,0,116,68,-4
1,1920,1080,384,512,128,128,0,2,68,-4,68,-4,68,-4,4,116,68,-4
1,1920,1080,384,512,128,128,0,2,68,-4,68,-4,68,-4,8,116,68,-4
1,1920,1080,384,512,128,128,0,2,68,-4,68,-4,68,-4,12,116,68,-4
1,1920,1080,384,512,128,128,0,2,68,-4,68,-4,68,-4,16,116,68,-4
1,1920,1080,384,512,128,128,0,2,68,-4,68,-4,68,-4,20,116,68,-4
1,1920,1080,384,512,128,128,0,2,68,-4,68,-4,68,-4,24,116,68,-4
1,1920,1080,384,512,128,128,0,2,68,-4,68,-4,68,-4,28,116,68,-4
1,1920,1080,384,512,128,128,0,2,68,-4,68,-4,68,-4,32,116,68,-4
1,1920,1080,384,512,128,128,0,2,68,-4,68,-4,68,-4,36,116,68,-4
1,1920,1080,384,512,128,128,0,2,68,-4,68,-4,68,-4,40,116,68,-4
1,1920,1080,384,512,128,128,0,2,68,-4,68,-4,68,-4,44,116,68,-4
1,1920,1080,384,512,128,128,0,2,68,-4,68,-4,68,-4,48,116,68,-4
1,1920,1080,384,512,128,128,0,2,68,-4,68,-4,68,-4,52,116,68,-4
1,1920,1080,384,512,128,128,0,2,68,-4,68,-4,68,-4,56,116,68,-4
1,1920,1080,384,512,128,128,0,2,68,-4,68,-4,68,-4,60,116,68,-4
1,1920,1080,384,512,128,128,0,2,68,-4,68,-4,68,-4,64,116,68,-4
1,1920,1080,384,512,128,128,0,2,68,-4,68,-4,68,-4,68,116,68,-4
1,1920,1080,384,512,128,128,0,2,68,-4,68,-4,68,-4,72,116,68,-4
1,1920,1080,384,512,128,128,0,2,68,-4,68,-4,68,-4,76,116,68,-4
1,1920,1080,384,512,128,128,0,2,68,-4,68,-4,68,-4,80,116,68,-4
1,1920,1080,384,512,128,128,0,2,68,-4,68,-4,68,-4,84,116,68,-4
1,1920,1080,384,512,128,128,0,2,68,-4,68,-4,68,-4,88,116,68,-4
1,1920,1080,384,512,128,128,0,2,68,-4,68,-4,68,-4,92,116,68,-4
1,1920,1080,384,512,128,128,0,2,68,-4,68,-4,68,-4,96,116,68,-4
1,1920,1080,384,512,128,128,0,2,68,-4,68,-4,68,-4,100,116,68,-4
1,1920,1080,384,512,128,128,0,2,68,-4,68,-4,68,-4,104,116,68,-4
1,1920,1080,384,512,128,128,0,2,68,-4,68,-4,68,-4,108,116,68,-4
1,1920,1080,384,512,128,128,0,2,68,-4,68,-4,68,-4,112,116,68,-4
1,1920,1080,384,512,128,128,0,2,68,-4,68,-4,68,-4,116,116,68,-4
1,1920,1080,384,512,128,128,0,2,68,-4,68,-4,68,-4,120,116,68,-4
1,1920,1080,384,512,128,128,0,2,68,-4,68,-4,68,-4,124,116,68,-4
1,1920,1080,384,512,128,128,0,2,68,-4,68,-4,68,-4,0,120,68,-4
1,1920,1080,384,512,128,128,0,2,68,-4,68,-4,68,-4,4,120,68,-4
1,1920,1080,384,512,128,128,0,2,68,-4,68,-4,68,-4,8,120,68,-4
1,1920,1080,384,512,128,128,0,2,68,-4,68,-4,68,-4,12,120,68,-4
1,1920,1080,384,512,128,128,0,2,68,-4,68,-4,68,-4,16,120,68,-4
1,1920,1080,384,512,128,128,0,2,68,-4,68,-4,68,-4,20,120,68,-4
1,1920,1080,384,512,128,128,0,2,68,-4,68,-4,68,-4,24,120,68,-4
1,1920,1080,384,512,128,128,0,2,68,-4,68,-4,68,-4,28,120,68,-4
1,1920,1080,384,512,128,128,0,2,68,-4,68,-4,68,-4,32,120,68,-4
1,1920,1080,384,512,128,128,0,2,68,-4,68,-4,68,-4,36,120,68,-4
1,1920,1080,384,512,128,128,0,2,68,-4,68,-4,68,-4,40,120,68,-4
1,1920,1080,384,512,128,128,0,2,68,-4,68,-4,68,-4,44,120,68,-4
1,1920,1080,384,512,128,128,0,2,68,-4,68,-4,68,-4,48,120,68,-4
1,1920,1080,384,512,128,128,0,2,68,-4,68,-4,68,-4,52,120,68,-4
1,1920,1080,384,512,128,128,0,2,68,-4,68,-4,68,-4,56,120,68,-4
1,1920,1080,384,512,128,128,0,2,68,-4,68,-4,68,-4,60,120,68,-4
1,1920,1080,384,512,128,128,0,2,68,-4,68,-4,68,-4,64,120,68,-4
1,1920,1080,384,512,128,128,0,2,68,-4,68,-4,68,-4,68,120,68,-4
1,1920,1080,384,512,128,128,0,2,68,-4,68,-4,68,-4,72,120,68,-4
1,1920,1080,384,512,128,128,0,2,68,-4,68,-4,68,-4,76,120,68,-4
1,1920,1080,384,512,128,128,0,2,68,-4,68,-4,68,-4,80,120,68,-4
1,1920,1080,384,512,128,128,0,2,68,-4,68,-4,68,-4,84,120,68,-4
1,1920,1080,384,512,128,128,0,2,68,-4,68,-4,68,-4,88,120,68,-4
1,1920,1080,384,512,128,128,0,2,68,-4,68,-4,68,-4,92,120,68,-4
1,1920,1080,384,512,128,128,0,2,68,-4,68,-4,68,-4,96,120,68,-4
1,1920,1080,384,512,128,128,0,2,68,-4,68,-4,68,-4,100,120,68,-4
1,1920,1080,384,512,128,128,0,2,68,-4,68,-4,68,-4,104,120,68,-4
1,1920,1080,384,512,128,128,0,2,68,-4,68,-4,68,-4,108,120,68,-4
1,1920,1080,384,512,128,128,0,2,68,-4,68,-4,68,-4,112,120,68,-4
1,1920,1080,384,512,128,128,0,2,68,-4,68,-4,68,-4,116,120,68,-4
1,1920,1080,384,512,128,128,0,2,68,-4,68,-4,68,-4,120,120,68,-4
1,1920,1080,384,512,128,128,0,2,68,-4,68,-4,68,-4,124,120,68,-4
1,1920,1080,384,512,128,128,0,2,68,-4,68,-4,68,-4,0,124,68,-4
1,1920,1080,384,512,128,128,0,2,68,-4,68,-4,68,-4,4,124,68,-4
1,1920,1080,384,512,128,128,0,2,68,-4,68,-4,68,-4,8,124,68,-4
1,1920,1080,384,512,128,128,0,2,68,-4,68,-4,68,-4,12,124,68,-4
1,1920,1080,384,512,128,128,0,2,68,-4,68,-4,68,-4,16,124,68,-4
1,1920,1080,384,512,128,128,0,2,68,-4,68,-4,68,-4,20,124,68,-4
1,1920,1080,384,512,128,128,0,2,68,-4,68,-4,68,-4,24,124,68,-4
1,1920,1080,384,512,128,128,0,2,68,-4,68,-4,68,-4,28,124,68,-4
1,1920,1080,384,512,128,128,0,2,68,-4,68,-4,68,-4,32,124,68,-4
1,1920,1080,384,512,128,128,0,2,68,-4,68,-4,68,-4,36,124,68,-4
1,1920,1080,384,512,128,128,0,2,68,-4,68,-4,68,-4,40,124,68,-4
1,1920,1080,384,512,128,128,0,2,68,-4,68,-4,68,-4,44,124,68,-4
1,1920,1080,384,512,128,128,0,2,68,-4,68,-4,68,-4,48,124,68,-4
1,1920,1080,384,512,128,128,0,2,68,-4,68,-4,68,-4,52,124,68,-4
1,1920,1080,384,512,128,128,0,2,68,-4,68,-4,68,-4,56,124,68,-4
1,1920,1080,384,512,128,128,0,2,68,-4,68,-4,68,-4,60,124,68,-4
1,1920,1080,384,512,128,128,0,2,68,-4,68,-4,68,-4,64,124,68,-4
1,1920,1080,384,512,128,128,0,2,68,-4,68,-4,68,-4,68,124,68,-4
1,1920,1080,384,512,128,128,0,2,68,-4,68,-4,68,-4,72,124,68,-4
1,1920,1080,384,512,128,128,0,2,68,-4,68,-4,68,-4,76,124,68,-4
1,1920,1080,384,512,128,128,0,2,68,-4,68,-4,68,-4,80,124,68,-4
1,1920,1080,384,512,128,128,0,2,68,-4,68,-4,68,-4,84,124,68,-4
1,1920,1080,384,512,128,128,0,2,68,-4,68,-4,68,-4,88,124,68,-4
1,1920,1080,384,512,128,128,0,2,68,-4,68,-4,68,-4,92,124,68,-4
1,1920,1080,384,512,128,128,0,2,68,-4,68,-4,68,-4,96,124,68,-4
1,1920,1080,384,512,128,128,0,2,68,-4,68,-4,68,-4,100,124,68,-4
1,1920,1080,384,512,128,128,0,2,68,-4,68,-4,68,-4,104,124,68,-4
1,1920,1080,384,512,128,128,0,2,68,-4,68,-4,68,-4,108,124,68,-4
1,1920,1080,384,512,128,128,0,2,68,-4,68,-4,68,-4,112,124,68,-4
1,1920,1080,384,512,128,128,0,2,68,-4,68,-4,68,-4,116,124,68,-4
1,1920,1080,384,512,128,128,0,2,68,-4,68,-4,68,-4,120,124,68,-4
1,1920,1080,384,512,128,128,0,2,68,-4,68,-4,68,-4,124,124,68,-4
